DATE,Mortgage_15yr,Mortgage_30yr,Adjusted CPI,Gross Domestic Product,Home_price_index,Monthly_supply_houses,Personal_income,Population,Total_construction,Unemployment_rate
1947-01-01,0.0,0.0,12.699350265800353,2.43164e+18,0.0,0.0,0.0,0.0,0.0,0.0
1947-02-01,0.0,0.0,12.758417011222681,0.0,0.0,0.0,0.0,0.0,0.0,0.0
1947-03-01,0.0,0.0,12.99468399291199,0.0,0.0,0.0,0.0,0.0,0.0,0.0
1947-04-01,0.0,0.0,12.99468399291199,2.45968e+18,0.0,0.0,0.0,0.0,0.0,0.0
1947-05-01,0.0,0.0,12.99468399291199,0.0,0.0,0.0,0.0,0.0,0.0,0.0
1947-06-01,0.0,0.0,13.053750738334317,0.0,0.0,0.0,0.0,0.0,0.0,0.0
1947-07-01,0.0,0.0,13.112817483756643,2.49585e+18,0.0,0.0,0.0,0.0,0.0,0.0
1947-08-01,0.0,0.0,13.230950974601297,0.0,0.0,0.0,0.0,0.0,0.0,0.0
1947-09-01,0.0,0.0,13.467217956290607,0.0,0.0,0.0,0.0,0.0,0.0,0.0
1947-10-01,0.0,0.0,13.526284701712934,2.59745e+18,0.0,0.0,0.0,0.0,0.0,0.0
1947-11-01,0.0,0.0,13.644418192557591,0.0,0.0,0.0,0.0,0.0,0.0,0.0
1947-12-01,0.0,0.0,13.82161842882457,0.0,0.0,0.0,0.0,0.0,0.0,0.0
1948-01-01,0.0,0.0,13.998818665091552,2.65742e+18,0.0,0.0,0.0,0.0,0.0,3.0
1948-02-01,0.0,0.0,13.998818665091552,0.0,0.0,0.0,0.0,0.0,0.0,3.3
1948-03-01,0.0,0.0,13.880685174246898,0.0,0.0,0.0,0.0,0.0,0.0,3.5
1948-04-01,0.0,0.0,14.057885410513881,2.72567e+18,0.0,0.0,0.0,0.0,0.0,3.5
1948-05-01,0.0,0.0,14.176018901358535,0.0,0.0,0.0,0.0,0.0,0.0,3.3
1948-06-01,0.0,0.0,14.294152392203188,0.0,0.0,0.0,0.0,0.0,0.0,3.2
1948-07-01,0.0,0.0,14.412285883047842,2.7919600000000005e+18,0.0,0.0,0.0,0.0,0.0,3.1
1948-08-01,0.0,0.0,14.412285883047842,0.0,0.0,0.0,0.0,0.0,0.0,3.4
1948-09-01,0.0,0.0,14.412285883047842,0.0,0.0,0.0,0.0,0.0,0.0,3.4
1948-10-01,0.0,0.0,14.353219137625517,2.80366e+18,0.0,0.0,0.0,0.0,0.0,3.4
1948-11-01,0.0,0.0,14.294152392203188,0.0,0.0,0.0,0.0,0.0,0.0,3.4
1948-12-01,0.0,0.0,14.235085646780863,0.0,0.0,0.0,0.0,0.0,0.0,3.6
1949-01-01,0.0,0.0,14.176018901358535,2.75034e+18,0.0,0.0,0.0,0.0,0.0,3.8
1949-02-01,0.0,0.0,14.116952155936206,0.0,0.0,0.0,0.0,0.0,0.0,4.2
1949-03-01,0.0,0.0,14.116952155936206,0.0,0.0,0.0,0.0,0.0,0.0,4.4
1949-04-01,0.0,0.0,14.116952155936206,2.71351e+18,0.0,0.0,0.0,0.0,0.0,4.7
1949-05-01,0.0,0.0,14.116952155936206,0.0,0.0,0.0,0.0,0.0,0.0,5.5
1949-06-01,0.0,0.0,14.116952155936206,0.0,0.0,0.0,0.0,0.0,0.0,5.6
1949-07-01,0.0,0.0,13.998818665091552,2.72889e+18,0.0,0.0,0.0,0.0,0.0,6.2
1949-08-01,0.0,0.0,13.998818665091552,0.0,0.0,0.0,0.0,0.0,0.0,6.2
1949-09-01,0.0,0.0,14.057885410513881,0.0,0.0,0.0,0.0,0.0,0.0,6.0
1949-10-01,0.0,0.0,13.998818665091552,2.70627e+18,0.0,0.0,0.0,0.0,0.0,7.3
1949-11-01,0.0,0.0,13.998818665091552,0.0,0.0,0.0,0.0,0.0,0.0,5.9
1949-12-01,0.0,0.0,13.939751919669227,0.0,0.0,0.0,0.0,0.0,0.0,5.9
1950-01-01,0.0,0.0,13.880685174246898,2.8082799999999995e+18,0.0,0.0,0.0,0.0,0.0,5.9
1950-02-01,0.0,0.0,13.939751919669227,0.0,0.0,0.0,0.0,0.0,0.0,5.7
1950-03-01,0.0,0.0,13.939751919669227,0.0,0.0,0.0,0.0,0.0,0.0,5.7
1950-04-01,0.0,0.0,13.998818665091552,2.90383e+18,0.0,0.0,0.0,0.0,0.0,5.3
1950-05-01,0.0,0.0,14.057885410513881,0.0,0.0,0.0,0.0,0.0,0.0,5.0
1950-06-01,0.0,0.0,14.116952155936206,0.0,0.0,0.0,0.0,0.0,0.0,4.9
1950-07-01,0.0,0.0,14.235085646780863,3.0815300000000005e+18,0.0,0.0,0.0,0.0,0.0,4.6
1950-08-01,0.0,0.0,14.294152392203188,0.0,0.0,0.0,0.0,0.0,0.0,4.0
1950-09-01,0.0,0.0,14.353219137625517,0.0,0.0,0.0,0.0,0.0,0.0,4.0
1950-10-01,0.0,0.0,14.471352628470171,3.19945e+18,0.0,0.0,0.0,0.0,0.0,3.7
1950-11-01,0.0,0.0,14.5304193738925,0.0,0.0,0.0,0.0,0.0,0.0,3.8
1950-12-01,0.0,0.0,14.766686355581808,0.0,0.0,0.0,0.0,0.0,0.0,3.8
1951-01-01,0.0,0.0,15.002953337271116,3.36e+18,0.0,0.0,0.0,0.0,0.0,3.4
1951-02-01,0.0,0.0,15.239220318960426,0.0,0.0,0.0,0.0,0.0,0.0,3.1
1951-03-01,0.0,0.0,15.298287064382752,0.0,0.0,0.0,0.0,0.0,0.0,3.0
1951-04-01,0.0,0.0,15.298287064382752,3.4409e+18,0.0,0.0,0.0,0.0,0.0,2.8
1951-05-01,0.0,0.0,15.35735380980508,0.0,0.0,0.0,0.0,0.0,0.0,2.7
1951-06-01,0.0,0.0,15.298287064382752,0.0,0.0,0.0,0.0,0.0,0.0,2.9
1951-07-01,0.0,0.0,15.298287064382752,3.51385e+18,0.0,0.0,0.0,0.0,0.0,2.7
1951-08-01,0.0,0.0,15.298287064382752,0.0,0.0,0.0,0.0,0.0,0.0,2.8
1951-09-01,0.0,0.0,15.35735380980508,0.0,0.0,0.0,0.0,0.0,0.0,3.0
1951-10-01,0.0,0.0,15.475487300649734,3.56178e+18,0.0,0.0,0.0,0.0,0.0,3.2
1951-11-01,0.0,0.0,15.534554046072062,0.0,0.0,0.0,0.0,0.0,0.0,3.1
1951-12-01,0.0,0.0,15.652687536916716,0.0,0.0,0.0,0.0,0.0,0.0,2.8
1952-01-01,0.0,0.0,15.652687536916716,3.5982e+18,0.0,0.0,0.0,0.0,0.0,2.7
1952-02-01,0.0,0.0,15.593620791494388,0.0,0.0,0.0,0.0,0.0,0.0,2.8
1952-03-01,0.0,0.0,15.593620791494388,0.0,0.0,0.0,0.0,0.0,0.0,2.6
1952-04-01,0.0,0.0,15.652687536916716,3.6103e+18,0.0,0.0,0.0,0.0,0.0,2.6
1952-05-01,0.0,0.0,15.652687536916716,0.0,0.0,0.0,0.0,0.0,0.0,2.6
1952-06-01,0.0,0.0,15.652687536916716,0.0,0.0,0.0,0.0,0.0,0.0,2.6
1952-07-01,0.0,0.0,15.77082102776137,3.67701e+18,0.0,0.0,0.0,0.0,0.0,2.8
1952-08-01,0.0,0.0,15.77082102776137,0.0,0.0,0.0,0.0,0.0,0.0,3.0
1952-09-01,0.0,0.0,15.711754282339044,0.0,0.0,0.0,0.0,0.0,0.0,2.7
1952-10-01,0.0,0.0,15.77082102776137,3.80812e+18,0.0,0.0,0.0,0.0,0.0,2.6
1952-11-01,0.0,0.0,15.77082102776137,0.0,0.0,0.0,0.0,0.0,0.0,2.4
1952-12-01,0.0,0.0,15.77082102776137,0.0,0.0,0.0,0.0,0.0,0.0,2.3
1953-01-01,0.0,0.0,15.711754282339044,3.8798e+18,0.0,0.0,0.0,0.0,0.0,2.6
1953-02-01,0.0,0.0,15.711754282339044,0.0,0.0,0.0,0.0,0.0,0.0,2.3
1953-03-01,0.0,0.0,15.711754282339044,0.0,0.0,0.0,0.0,0.0,0.0,2.3
1953-04-01,0.0,0.0,15.77082102776137,3.91749e+18,0.0,0.0,0.0,0.0,0.0,2.4
1953-05-01,0.0,0.0,15.77082102776137,0.0,0.0,0.0,0.0,0.0,0.0,2.3
1953-06-01,0.0,0.0,15.829887773183698,0.0,0.0,0.0,0.0,0.0,0.0,2.2
1953-07-01,0.0,0.0,15.829887773183698,3.91171e+18,0.0,0.0,0.0,0.0,0.0,2.3
1953-08-01,0.0,0.0,15.888954518606024,0.0,0.0,0.0,0.0,0.0,0.0,2.3
1953-09-01,0.0,0.0,15.888954518606024,0.0,0.0,0.0,0.0,0.0,0.0,2.6
1953-10-01,0.0,0.0,15.948021264028352,3.8597e+18,0.0,0.0,0.0,0.0,0.0,2.7
1953-11-01,0.0,0.0,15.888954518606024,0.0,0.0,0.0,0.0,0.0,0.0,3.2
1953-12-01,0.0,0.0,15.888954518606024,0.0,0.0,0.0,0.0,0.0,0.0,4.0
1954-01-01,0.0,0.0,15.888954518606024,3.85345e+18,0.0,0.0,0.0,0.0,0.0,4.4
1954-02-01,0.0,0.0,15.948021264028352,0.0,0.0,0.0,0.0,0.0,0.0,4.6
1954-03-01,0.0,0.0,15.888954518606024,0.0,0.0,0.0,0.0,0.0,0.0,5.1
1954-04-01,0.0,0.0,15.888954518606024,3.86121e+18,0.0,0.0,0.0,0.0,0.0,5.3
1954-05-01,0.0,0.0,15.888954518606024,0.0,0.0,0.0,0.0,0.0,0.0,5.4
1954-06-01,0.0,0.0,15.888954518606024,0.0,0.0,0.0,0.0,0.0,0.0,5.3
1954-07-01,0.0,0.0,15.888954518606024,3.90996e+18,0.0,0.0,0.0,0.0,0.0,5.3
1954-08-01,0.0,0.0,15.888954518606024,0.0,0.0,0.0,0.0,0.0,0.0,5.5
1954-09-01,0.0,0.0,15.829887773183698,0.0,0.0,0.0,0.0,0.0,0.0,5.6
1954-10-01,0.0,0.0,15.77082102776137,3.99734e+18,0.0,0.0,0.0,0.0,0.0,5.3
1954-11-01,0.0,0.0,15.829887773183698,0.0,0.0,0.0,0.0,0.0,0.0,4.9
1954-12-01,0.0,0.0,15.829887773183698,0.0,0.0,0.0,0.0,0.0,0.0,4.6
1955-01-01,0.0,0.0,15.829887773183698,4.13073e+18,0.0,0.0,0.0,0.0,0.0,4.5
1955-02-01,0.0,0.0,15.829887773183698,0.0,0.0,0.0,0.0,0.0,0.0,4.2
1955-03-01,0.0,0.0,15.829887773183698,0.0,0.0,0.0,0.0,0.0,0.0,4.2
1955-04-01,0.0,0.0,15.829887773183698,4.21532e+18,0.0,0.0,0.0,0.0,0.0,4.3
1955-05-01,0.0,0.0,15.829887773183698,0.0,0.0,0.0,0.0,0.0,0.0,3.8
1955-06-01,0.0,0.0,15.77082102776137,0.0,0.0,0.0,0.0,0.0,0.0,3.8
1955-07-01,0.0,0.0,15.829887773183698,4.30221e+18,0.0,0.0,0.0,0.0,0.0,3.6
1955-08-01,0.0,0.0,15.77082102776137,0.0,0.0,0.0,0.0,0.0,0.0,3.8
1955-09-01,0.0,0.0,15.888954518606024,0.0,0.0,0.0,0.0,0.0,0.0,3.6
1955-10-01,0.0,0.0,15.829887773183698,4.37092e+18,0.0,0.0,0.0,0.0,0.0,3.8
1955-11-01,0.0,0.0,15.888954518606024,0.0,0.0,0.0,0.0,0.0,0.0,3.7
1955-12-01,0.0,0.0,15.888954518606024,0.0,0.0,0.0,0.0,0.0,0.0,3.7
1956-01-01,0.0,0.0,15.829887773183698,4.39746e+18,0.0,0.0,0.0,0.0,0.0,3.6
1956-02-01,0.0,0.0,15.888954518606024,0.0,0.0,0.0,0.0,0.0,0.0,3.4
1956-03-01,0.0,0.0,15.888954518606024,0.0,0.0,0.0,0.0,0.0,0.0,3.7
1956-04-01,0.0,0.0,15.888954518606024,4.4601e+18,0.0,0.0,0.0,0.0,0.0,3.5
1956-05-01,0.0,0.0,15.948021264028352,0.0,0.0,0.0,0.0,0.0,0.0,3.8
1956-06-01,0.0,0.0,16.066154754873004,0.0,0.0,0.0,0.0,0.0,0.0,3.8
1956-07-01,0.0,0.0,16.125221500295332,4.51191e+18,0.0,0.0,0.0,0.0,0.0,3.9
1956-08-01,0.0,0.0,16.125221500295332,0.0,0.0,0.0,0.0,0.0,0.0,3.6
1956-09-01,0.0,0.0,16.18428824571766,0.0,0.0,0.0,0.0,0.0,0.0,3.5
1956-10-01,0.0,0.0,16.243354991139988,4.60463e+18,0.0,0.0,0.0,0.0,0.0,3.4
1956-11-01,0.0,0.0,16.243354991139988,0.0,0.0,0.0,0.0,0.0,0.0,3.7
1956-12-01,0.0,0.0,16.302421736562316,0.0,0.0,0.0,0.0,0.0,0.0,3.8
1957-01-01,0.0,0.0,16.36148848198464,4.69779e+18,0.0,0.0,0.0,0.0,0.0,3.7
1957-02-01,0.0,0.0,16.420555227406968,0.0,0.0,0.0,0.0,0.0,0.0,3.5
1957-03-01,0.0,0.0,16.479621972829296,0.0,0.0,0.0,0.0,0.0,0.0,3.2
1957-04-01,0.0,0.0,16.479621972829296,4.72025e+18,0.0,0.0,0.0,0.0,0.0,3.4
1957-05-01,0.0,0.0,16.538688718251624,0.0,0.0,0.0,0.0,0.0,0.0,3.6
1957-06-01,0.0,0.0,16.597755463673952,0.0,0.0,0.0,0.0,0.0,0.0,3.7
1957-07-01,0.0,0.0,16.656822209096276,4.7949e+18,0.0,0.0,0.0,0.0,0.0,3.6
1957-08-01,0.0,0.0,16.715888954518604,0.0,0.0,0.0,0.0,0.0,0.0,3.6
1957-09-01,0.0,0.0,16.715888954518604,0.0,0.0,0.0,0.0,0.0,0.0,3.9
1957-10-01,0.0,0.0,16.715888954518604,4.74864e+18,0.0,0.0,0.0,0.0,0.0,4.1
1957-11-01,0.0,0.0,16.774955699940932,0.0,0.0,0.0,0.0,0.0,0.0,4.6
1957-12-01,0.0,0.0,16.83402244536326,0.0,0.0,0.0,0.0,0.0,0.0,4.6
1958-01-01,0.0,0.0,16.893089190785588,4.6754e+18,0.0,0.0,0.0,0.0,0.0,5.2
1958-02-01,0.0,0.0,16.952155936207912,0.0,0.0,0.0,0.0,0.0,0.0,5.9
1958-03-01,0.0,0.0,17.07028942705257,0.0,0.0,0.0,0.0,0.0,0.0,6.1
1958-04-01,0.0,0.0,17.07028942705257,4.71978e+18,0.0,0.0,0.0,0.0,0.0,6.8
1958-05-01,0.0,0.0,17.07028942705257,0.0,0.0,0.0,0.0,0.0,0.0,6.8
1958-06-01,0.0,0.0,17.07028942705257,0.0,0.0,0.0,0.0,0.0,0.0,6.8
1958-07-01,0.0,0.0,17.07028942705257,4.85841e+18,0.0,0.0,0.0,0.0,0.0,6.8
1958-08-01,0.0,0.0,17.07028942705257,0.0,0.0,0.0,0.0,0.0,0.0,6.8
1958-09-01,0.0,0.0,17.07028942705257,0.0,0.0,0.0,0.0,0.0,0.0,6.3
1958-10-01,0.0,0.0,17.07028942705257,4.99555e+18,0.0,0.0,0.0,0.0,0.0,6.1
1958-11-01,0.0,0.0,17.129356172474896,0.0,0.0,0.0,0.0,0.0,0.0,5.5
1958-12-01,0.0,0.0,17.129356172474896,0.0,0.0,0.0,0.0,0.0,0.0,5.6
1959-01-01,0.0,0.0,17.129356172474896,5.1033e+18,0.0,0.0,3.918e+20,175818000000.0,0.0,5.4
1959-02-01,0.0,0.0,17.129356172474896,0.0,0.0,0.0,3.937e+20,176044000000.0,0.0,5.4
1959-03-01,0.0,0.0,17.129356172474896,0.0,0.0,0.0,3.965e+20,176274000000.0,0.0,5.0
1959-04-01,0.0,0.0,17.129356172474896,5.22653e+18,0.0,0.0,3.999e+20,176503000000.0,0.0,4.5
1959-05-01,0.0,0.0,17.129356172474896,0.0,0.0,0.0,4.024e+20,176723000000.0,0.0,4.5
1959-06-01,0.0,0.0,17.188422917897224,0.0,0.0,0.0,4.048e+20,176954000000.0,0.0,4.4
1959-07-01,0.0,0.0,17.24748966331955,5.25034e+18,0.0,0.0,4.054e+20,177208000000.0,0.0,4.5
1959-08-01,0.0,0.0,17.24748966331955,0.0,0.0,0.0,4.037e+20,177479000000.0,0.0,4.5
1959-09-01,0.0,0.0,17.306556408741876,0.0,0.0,0.0,4.051e+20,177755000000.0,0.0,4.8
1959-10-01,0.0,0.0,17.365623154164204,5.286e+18,0.0,0.0,4.066e+20,178026000000.0,0.0,5.0
1959-11-01,0.0,0.0,17.365623154164204,0.0,0.0,0.0,4.099e+20,178273000000.0,0.0,5.2
1959-12-01,0.0,0.0,17.365623154164204,0.0,0.0,0.0,4.146e+20,178504000000.0,0.0,4.6
1960-01-01,0.0,0.0,17.365623154164204,5.42648e+18,0.0,0.0,4.157e+20,178925000000.0,0.0,4.6
1960-02-01,0.0,0.0,17.365623154164204,0.0,0.0,0.0,4.166e+20,179326000000.0,0.0,4.2
1960-03-01,0.0,0.0,17.365623154164204,0.0,0.0,0.0,4.176e+20,179707000000.0,0.0,4.7
1960-04-01,0.0,0.0,17.424689899586532,5.410800000000001e+18,0.0,0.0,4.206e+20,180067000000.0,0.0,4.5
1960-05-01,0.0,0.0,17.48375664500886,0.0,0.0,0.0,4.221e+20,180408000000.0,0.0,4.5
1960-06-01,0.0,0.0,17.48375664500886,0.0,0.0,0.0,4.226e+20,180728000000.0,0.0,4.7
1960-07-01,0.0,0.0,17.48375664500886,5.456040000000001e+18,0.0,0.0,4.241e+20,181028000000.0,0.0,4.9
1960-08-01,0.0,0.0,17.48375664500886,0.0,0.0,0.0,4.241e+20,181308000000.0,0.0,4.9
1960-09-01,0.0,0.0,17.48375664500886,0.0,0.0,0.0,4.249e+20,181567000000.0,0.0,4.9
1960-10-01,0.0,0.0,17.601890135853512,5.40197e+18,0.0,0.0,4.267e+20,181807000000.0,0.0,5.3
1960-11-01,0.0,0.0,17.601890135853512,0.0,0.0,0.0,4.263e+20,182026000000.0,0.0,5.5
1960-12-01,0.0,0.0,17.601890135853512,0.0,0.0,0.0,4.244e+20,182225000000.0,0.0,5.8
1961-01-01,0.0,0.0,17.601890135853512,5.45018e+18,0.0,0.0,4.283e+20,182404000000.0,0.0,5.8
1961-02-01,0.0,0.0,17.601890135853512,0.0,0.0,0.0,4.303e+20,182631000000.0,0.0,6.1
1961-03-01,0.0,0.0,17.601890135853512,0.0,0.0,0.0,4.319e+20,182867000000.0,0.0,6.1
1961-04-01,0.0,0.0,17.601890135853512,5.555449999999999e+18,0.0,0.0,4.325e+20,183105000000.0,0.0,6.3
1961-05-01,0.0,0.0,17.601890135853512,0.0,0.0,0.0,4.361e+20,183335000000.0,0.0,6.5
1961-06-01,0.0,0.0,17.601890135853512,0.0,0.0,0.0,4.405e+20,183572000000.0,0.0,6.2
1961-07-01,0.0,0.0,17.66095688127584,5.67664e+18,0.0,0.0,4.427e+20,183825000000.0,0.0,6.2
1961-08-01,0.0,0.0,17.66095688127584,0.0,0.0,0.0,4.433e+20,184101000000.0,0.0,5.8
1961-09-01,0.0,0.0,17.72002362669817,0.0,0.0,0.0,4.443e+20,184384000000.0,0.0,5.8
1961-10-01,0.0,0.0,17.72002362669817,5.80612e+18,0.0,0.0,4.487e+20,184654000000.0,0.0,5.7
1961-11-01,0.0,0.0,17.72002362669817,0.0,0.0,0.0,4.527e+20,184900000000.0,0.0,5.3
1961-12-01,0.0,0.0,17.72002362669817,0.0,0.0,0.0,4.556e+20,185129000000.0,0.0,5.3
1962-01-01,0.0,0.0,17.72002362669817,5.94013e+18,0.0,0.0,4.56e+20,185347000000.0,0.0,5.0
1962-02-01,0.0,0.0,17.779090372120496,0.0,0.0,0.0,4.591e+20,185551000000.0,0.0,4.7
1962-03-01,0.0,0.0,17.83815711754282,0.0,0.0,0.0,4.629e+20,185762000000.0,0.0,4.8
1962-04-01,0.0,0.0,17.83815711754282,6.00366e+18,0.0,0.0,4.658e+20,185981000000.0,0.0,4.8
1962-05-01,0.0,0.0,17.83815711754282,0.0,0.0,0.0,4.668e+20,186201000000.0,0.0,4.8
1962-06-01,0.0,0.0,17.83815711754282,0.0,0.0,0.0,4.677e+20,186426000000.0,0.0,4.8
1962-07-01,0.0,0.0,17.83815711754282,6.090270000000001e+18,0.0,0.0,4.697e+20,186664000000.0,0.0,4.8
1962-08-01,0.0,0.0,17.89722386296515,0.0,0.0,0.0,4.711e+20,186924000000.0,0.0,5.0
1962-09-01,0.0,0.0,17.956290608387476,0.0,0.0,0.0,4.737e+20,187191000000.0,0.0,4.9
1962-10-01,0.0,0.0,17.956290608387476,6.1228e+18,0.0,0.0,4.757e+20,187449000000.0,0.0,4.7
1962-11-01,0.0,0.0,17.956290608387476,0.0,0.0,0.0,4.778e+20,187685000000.0,0.0,4.9
1962-12-01,0.0,0.0,17.956290608387476,0.0,0.0,0.0,4.798e+20,187905000000.0,0.0,4.9
1963-01-01,0.0,0.0,17.956290608387476,6.21672e+18,0.0,4.7,4.84e+20,188113000000.0,0.0,5.0
1963-02-01,0.0,0.0,18.015357353809804,0.0,0.0,6.6,4.819e+20,188300000000.0,0.0,5.1
1963-03-01,0.0,0.0,18.015357353809804,0.0,0.0,6.4,4.837e+20,188484000000.0,0.0,4.8
1963-04-01,0.0,0.0,18.015357353809804,6.297519999999999e+18,0.0,5.3,4.85e+20,188685000000.0,0.0,4.8
1963-05-01,0.0,0.0,18.015357353809804,0.0,0.0,5.1,4.879e+20,188904000000.0,0.0,4.9
1963-06-01,0.0,0.0,18.074424099232132,0.0,0.0,6.0,4.913e+20,189130000000.0,0.0,4.7
1963-07-01,0.0,0.0,18.133490844654457,6.444439999999999e+18,0.0,4.6,4.925e+20,189369000000.0,0.0,4.7
1963-08-01,0.0,0.0,18.192557590076785,0.0,0.0,5.6,4.949e+20,189629000000.0,0.0,4.6
1963-09-01,0.0,0.0,18.133490844654457,0.0,0.0,5.4,4.982e+20,189895000000.0,0.0,4.5
1963-10-01,0.0,0.0,18.192557590076785,6.53938e+18,0.0,5.9,5.019e+20,190147000000.0,0.0,4.6
1963-11-01,0.0,0.0,18.192557590076785,0.0,0.0,5.5,5.036e+20,190369000000.0,0.0,4.8
1963-12-01,0.0,0.0,18.251624335499113,0.0,0.0,6.1,5.084e+20,190570000000.0,0.0,4.7
1964-01-01,0.0,0.0,18.251624335499113,6.69822e+18,0.0,5.8,5.113e+20,190763000000.0,0.0,4.7
1964-02-01,0.0,0.0,18.251624335499113,0.0,0.0,5.5,5.141e+20,190953000000.0,0.0,4.6
1964-03-01,0.0,0.0,18.251624335499113,0.0,0.0,5.8,5.17e+20,191146000000.0,0.0,4.6
1964-04-01,0.0,0.0,18.31069108092144,6.78674e+18,0.0,6.0,5.206e+20,191346000000.0,0.0,4.4
1964-05-01,0.0,0.0,18.31069108092144,0.0,0.0,6.2,5.2379999999999993e+20,191557000000.0,0.0,4.2
1964-06-01,0.0,0.0,18.31069108092144,0.0,0.0,5.7,5.2629999999999993e+20,191778000000.0,0.0,4.3
1964-07-01,0.0,0.0,18.31069108092144,6.92031e+18,0.0,5.5,5.299e+20,192010000000.0,0.0,4.2
1964-08-01,0.0,0.0,18.36975782634377,0.0,0.0,5.4,5.3329999999999993e+20,192254000000.0,0.0,4.1
1964-09-01,0.0,0.0,18.36975782634377,0.0,0.0,5.4,5.3629999999999993e+20,192504000000.0,0.0,4.2
1964-10-01,0.0,0.0,18.36975782634377,6.97319e+18,0.0,5.3,5.369e+20,192739000000.0,0.0,4.2
1964-11-01,0.0,0.0,18.428824571766093,0.0,0.0,5.6,5.4129999999999993e+20,192943000000.0,0.0,4.0
1964-12-01,0.0,0.0,18.48789131718842,0.0,0.0,5.5,5.475e+20,193131000000.0,0.0,4.0
1965-01-01,0.0,0.0,18.48789131718842,7.1779e+18,0.0,5.6,5.515e+20,193308000000.0,0.0,3.9
1965-02-01,0.0,0.0,18.48789131718842,0.0,0.0,5.5,5.52e+20,193467000000.0,0.0,4.1
1965-03-01,0.0,0.0,18.48789131718842,0.0,0.0,5.4,5.554e+20,193625000000.0,0.0,3.8
1965-04-01,0.0,0.0,18.54695806261075,7.30191e+18,0.0,5.6,5.586e+20,193799000000.0,0.0,3.9
1965-05-01,0.0,0.0,18.606024808033077,0.0,0.0,5.3,5.629e+20,193988000000.0,0.0,3.7
1965-06-01,0.0,0.0,18.665091553455404,0.0,0.0,4.7,5.662e+20,194195000000.0,0.0,3.7
1965-07-01,0.0,0.0,18.665091553455404,7.49323e+18,0.0,5.2,5.704e+20,194416000000.0,0.0,3.5
1965-08-01,0.0,0.0,18.665091553455404,0.0,0.0,4.6,5.729e+20,194645000000.0,0.0,3.5
1965-09-01,0.0,0.0,18.665091553455404,0.0,0.0,4.9,5.872e+20,194879000000.0,0.0,3.4
1965-10-01,0.0,0.0,18.72415829887773,7.71857e+18,0.0,5.0,5.849e+20,195096000000.0,0.0,3.3
1965-11-01,0.0,0.0,18.78322504430006,0.0,0.0,4.6,5.902e+20,195284000000.0,0.0,3.3
1965-12-01,0.0,0.0,18.842291789722385,0.0,0.0,4.4,5.955e+20,195456000000.0,0.0,3.2
1966-01-01,0.0,0.0,18.842291789722385,7.95734e+18,0.0,4.7,5.977e+20,195614000000.0,0.0,3.1
1966-02-01,0.0,0.0,18.96042528056704,0.0,0.0,4.9,6.031e+20,195760000000.0,0.0,3.0
1966-03-01,0.0,0.0,19.01949202598937,0.0,0.0,5.0,6.079e+20,195915000000.0,0.0,3.0
1966-04-01,0.0,0.0,19.078558771411693,8.04981e+18,0.0,5.1,6.095e+20,196089000000.0,0.0,2.9
1966-05-01,0.0,0.0,19.13762551683402,0.0,0.0,5.3,6.122e+20,196275000000.0,0.0,3.0
1966-06-01,0.0,0.0,19.13762551683402,0.0,0.0,6.0,6.167e+20,196466000000.0,0.0,2.9
1966-07-01,0.0,0.0,19.19669226225635,8.19638e+18,0.0,5.9,6.204e+20,196661000000.0,0.0,2.9
1966-08-01,0.0,0.0,19.314825753101005,0.0,0.0,6.8,6.259e+20,196873000000.0,0.0,3.0
1966-09-01,0.0,0.0,19.37389249852333,0.0,0.0,7.2,6.317e+20,197096000000.0,0.0,2.8
1966-10-01,0.0,0.0,19.432959243945657,8.33302e+18,0.0,6.3,6.36e+20,197303000000.0,0.0,2.8
1966-11-01,0.0,0.0,19.432959243945657,0.0,0.0,6.2,6.409e+20,197485000000.0,0.0,2.8
1966-12-01,0.0,0.0,19.432959243945657,0.0,0.0,6.3,6.42e+20,197654000000.0,0.0,3.0
1967-01-01,0.0,0.0,19.432959243945657,8.4417e+18,0.0,5.7,6.48e+20,197814000000.0,0.0,3.1
1967-02-01,0.0,0.0,19.492025989367985,0.0,0.0,5.7,6.496e+20,197965000000.0,0.0,3.0
1967-03-01,0.0,0.0,19.492025989367985,0.0,0.0,5.4,6.539e+20,198122000000.0,0.0,3.1
1967-04-01,0.0,0.0,19.551092734790313,8.48983e+18,0.0,4.9,6.544e+20,198287000000.0,0.0,3.0
1967-05-01,0.0,0.0,19.551092734790313,0.0,0.0,4.5,6.569e+20,198452000000.0,0.0,3.0
1967-06-01,0.0,0.0,19.669226225634965,0.0,0.0,4.6,6.616e+20,198627000000.0,0.0,3.0
1967-07-01,0.0,0.0,19.728292971057293,8.65233e+18,0.0,4.4,6.672e+20,198812000000.0,0.0,2.9
1967-08-01,0.0,0.0,19.78735971647962,0.0,0.0,4.4,6.725e+20,199012000000.0,0.0,2.9
1967-09-01,0.0,0.0,19.84642646190195,0.0,0.0,4.3,6.75e+20,199212000000.0,0.0,3.0
1967-10-01,0.0,0.0,19.905493207324277,8.81439e+18,0.0,4.1,6.778e+20,199405000000.0,0.0,3.1
1967-11-01,0.0,0.0,20.02362669816893,0.0,0.0,4.6,6.844e+20,199578000000.0,0.0,3.0
1967-12-01,0.0,0.0,20.082693443591257,0.0,0.0,4.7,6.874e+20,199733000000.0,0.0,3.0
1968-01-01,0.0,0.0,20.141760189013585,9.09387e+18,0.0,4.7,6.943e+20,199864000000.0,0.0,3.0
1968-02-01,0.0,0.0,20.200826934435913,0.0,0.0,4.1,7.025e+20,199988000000.0,0.0,3.0
1968-03-01,0.0,0.0,20.259893679858237,0.0,0.0,4.8,7.108e+20,200132000000.0,0.0,2.9
1968-04-01,0.0,0.0,20.318960425280565,9.34344e+18,0.0,4.9,7.162e+20,200285000000.0,0.0,2.7
1968-05-01,0.0,0.0,20.378027170702893,0.0,0.0,5.5,7.226e+20,200449000000.0,0.0,2.6
1968-06-01,0.0,0.0,20.49616066154755,0.0,0.0,5.5,7.283e+20,200621000000.0,0.0,2.8
1968-07-01,0.0,0.0,20.6142941523922,9.50825e+18,0.0,5.1,7.35e+20,200802000000.0,0.0,2.7
1968-08-01,0.0,0.0,20.67336089781453,0.0,0.0,5.0,7.414e+20,200997000000.0,0.0,2.7
1968-09-01,0.0,0.0,20.732427643236857,0.0,0.0,5.1,7.474e+20,201193000000.0,0.0,2.6
1968-10-01,0.0,0.0,20.85056113408151,9.6803e+18,0.0,5.2,7.52e+20,201378000000.0,0.0,2.6
1968-11-01,0.0,0.0,20.909627879503837,0.0,0.0,5.6,7.58e+20,201544000000.0,0.0,2.6
1968-12-01,0.0,0.0,21.027761370348493,0.0,0.0,5.2,7.626e+20,201691000000.0,0.0,2.5
1969-01-01,0.0,0.0,21.08682811577082,9.93337e+18,0.0,5.5,7.663e+20,201821000000.0,0.0,2.6
1969-02-01,0.0,0.0,21.145894861193145,0.0,0.0,4.9,7.718e+20,201952000000.0,0.0,2.6
1969-03-01,0.0,0.0,21.32309509746013,0.0,0.0,5.7,7.79e+20,202092000000.0,0.0,2.6
1969-04-01,0.0,0.0,21.44122858830478,1.00902e+19,0.0,6.0,7.843e+20,202246000000.0,0.0,2.6
1969-05-01,0.0,0.0,21.50029533372711,0.0,0.0,6.1,7.905e+20,202419000000.0,0.0,2.6
1969-06-01,0.0,0.0,21.618428824571765,0.0,0.0,5.8,7.971e+20,202592000000.0,0.0,2.7
1969-07-01,0.0,0.0,21.736562315416418,1.0299559999999998e+19,0.0,6.3,8.05e+20,202777000000.0,0.0,2.7
1969-08-01,0.0,0.0,21.795629060838746,0.0,0.0,6.5,8.122e+20,202984000000.0,0.0,2.7
1969-09-01,0.0,0.0,21.9137625516834,0.0,0.0,6.9,8.177e+20,203196000000.0,0.0,2.9
1969-10-01,0.0,0.0,22.031896042528054,1.038147e+19,0.0,7.0,8.22e+20,203401000000.0,0.0,2.9
1969-11-01,0.0,0.0,22.15002953337271,0.0,0.0,6.2,8.264e+20,203588000000.0,0.0,2.7
1969-12-01,0.0,0.0,22.268163024217365,0.0,0.0,6.1,8.319e+20,203762000000.0,0.0,2.7
1970-01-01,0.0,0.0,22.386296515062018,1.0512e+19,0.0,5.5,8.364e+20,203929000000.0,0.0,3.0
1970-02-01,0.0,0.0,22.504430005906674,0.0,0.0,7.2,8.418e+20,204082000000.0,0.0,3.3
1970-03-01,0.0,0.0,22.622563496751326,0.0,0.0,6.8,8.471e+20,204246000000.0,0.0,3.5
1970-04-01,0.0,0.0,22.74069698759598,1.067375e+19,0.0,6.0,8.599e+20,204504000000.0,0.0,3.6
1970-05-01,0.0,0.0,22.79976373301831,0.0,0.0,5.7,8.577e+20,204719000000.0,0.0,3.8
1970-06-01,0.0,0.0,22.917897223862962,0.0,0.0,5.5,8.626e+20,204941000000.0,0.0,3.9
1970-07-01,0.0,0.0,22.97696396928529,1.086059e+19,0.0,5.4,8.706e+20,205174000000.0,0.0,4.1
1970-08-01,0.0,0.0,23.036030714707618,0.0,0.0,5.1,8.751e+20,205418000000.0,0.0,4.1
1970-09-01,0.0,0.0,23.154164205552274,0.0,0.0,4.7,8.784e+20,205664000000.0,0.0,4.3
1970-10-01,0.0,0.0,23.272297696396926,1.088608e+19,0.0,4.8,8.797e+20,205906000000.0,0.0,4.4
1970-11-01,0.0,0.0,23.39043118724158,0.0,0.0,4.6,8.823e+20,206131000000.0,0.0,4.8
1970-12-01,0.0,0.0,23.508564678086234,0.0,0.0,4.7,8.892e+20,206352000000.0,0.0,5.0
1971-01-01,0.0,0.0,23.567631423508562,1.135156e+19,0.0,4.3,8.988e+20,206567000000.0,0.0,4.9
1971-02-01,0.0,0.0,23.567631423508562,0.0,0.0,4.4,9.032e+20,206762000000.0,0.0,4.9
1971-03-01,0.0,0.0,23.62669816893089,0.0,0.0,4.0,9.09e+20,206960000000.0,0.0,4.9
1971-04-01,0.0,7.31,23.685764914353218,1.156271e+19,0.0,4.2,9.15e+20,207163000000.0,0.0,4.9
1971-05-01,0.0,7.425,23.80389840519787,0.0,0.0,4.6,9.224e+20,207361000000.0,0.0,4.9
1971-06-01,0.0,7.53,23.922031896042526,0.0,0.0,4.7,9.438e+20,207562000000.0,0.0,4.8
1971-07-01,0.0,7.604,23.981098641464854,1.177675e+19,0.0,4.1,9.348e+20,207771000000.0,0.0,4.8
1971-08-01,0.0,7.6975,24.040165386887182,0.0,0.0,4.7,9.408e+20,207998000000.0,0.0,5.0
1971-09-01,0.0,7.6875,24.099232132309506,0.0,0.0,5.2,9.477e+20,208230000000.0,0.0,4.9
1971-10-01,0.0,7.628,24.158298877731834,1.190297e+19,0.0,5.0,9.518e+20,208450000000.0,0.0,4.8
1971-11-01,0.0,7.55,24.217365623154162,0.0,0.0,4.9,9.586e+20,208648000000.0,0.0,5.0
1971-12-01,0.0,7.48,24.27643236857649,0.0,0.0,5.1,9.674e+20,208829000000.0,0.0,4.9
1972-01-01,0.0,7.4375,24.335499113998818,1.2306089999999998e+19,0.0,5.2,9.761e+20,208989000000.0,0.0,4.7
1972-02-01,0.0,7.325,24.45363260484347,0.0,0.0,5.4,9.879e+20,209137000000.0,0.0,4.5
1972-03-01,0.0,7.298,24.45363260484347,0.0,0.0,6.1,9.956e+20,209299000000.0,0.0,4.7
1972-04-01,0.0,7.29,24.512699350265798,1.2663689999999998e+19,0.0,5.8,9.985e+20,209466000000.0,0.0,4.6
1972-05-01,0.0,7.3725,24.571766095688126,0.0,0.0,6.1,1.0049e+21,209635000000.0,0.0,4.7
1972-06-01,0.0,7.372,24.630832841110454,0.0,0.0,6.3,1.0092e+21,209811000000.0,0.0,4.6
1972-07-01,0.0,7.395,24.68989958653278,1.290566e+19,0.0,6.3,1.019e+21,209986000000.0,0.0,4.6
1972-08-01,0.0,7.4,24.748966331955106,0.0,0.0,6.0,1.0314000000000001e+21,210177000000.0,0.0,4.5
1972-09-01,0.0,7.42,24.867099822799762,0.0,0.0,6.2,1.04e+21,210379000000.0,0.0,4.5
1972-10-01,0.0,7.42,24.92616656822209,1.328904e+19,0.0,5.7,1.0650999999999999e+21,210568000000.0,0.0,4.5
1972-11-01,0.0,7.4275,25.044300059066742,0.0,0.0,6.8,1.0792e+21,210739000000.0,0.0,4.2
1972-12-01,0.0,7.442,25.10336680448907,0.0,0.0,6.5,1.0865999999999999e+21,210903000000.0,0.0,4.1
1973-01-01,0.0,7.4375,25.221500295333726,1.37749e+19,0.0,6.5,1.0855999999999999e+21,211053000000.0,0.0,4.1
1973-02-01,0.0,7.44,25.398700531600706,0.0,0.0,6.8,1.0953e+21,211187000000.0,0.0,4.0
1973-03-01,0.0,7.458,25.634967513290015,0.0,0.0,7.0,1.1044e+21,211337000000.0,0.0,4.0
1973-04-01,0.0,7.5425,25.812167749557,1.413887e+19,0.0,7.7,1.1147e+21,211499000000.0,0.0,3.9
1973-05-01,0.0,7.6525,25.93030124040165,0.0,0.0,7.5,1.1251e+21,211662000000.0,0.0,3.8
1973-06-01,0.0,7.734,26.107501476668634,0.0,0.0,7.8,1.1347e+21,211828000000.0,0.0,3.9
1973-07-01,0.0,8.05,26.107501476668634,1.433838e+19,0.0,8.7,1.1422e+21,212001000000.0,0.0,3.8
1973-08-01,0.0,8.496,26.58003544004725,0.0,0.0,9.4,1.152e+21,212191000000.0,0.0,3.9
1973-09-01,0.0,8.815,26.698168930891907,0.0,0.0,9.5,1.1634e+21,212382000000.0,0.0,3.8
1973-10-01,0.0,8.77,26.934435912581215,1.476289e+19,0.0,9.4,1.1802e+21,212555000000.0,0.0,3.5
1973-11-01,0.0,8.582,27.111636148848195,0.0,0.0,9.6,1.1926e+21,212710000000.0,0.0,3.8
1973-12-01,0.0,8.5375,27.347903130537503,0.0,0.0,10.1,1.1992e+21,212859000000.0,0.0,3.9
1974-01-01,0.0,8.54,27.64323685764914,1.491209e+19,0.0,9.7,1.2004e+21,213003000000.0,0.0,4.1
1974-02-01,0.0,8.455,27.938570584760775,0.0,0.0,9.6,1.2071e+21,213143000000.0,0.0,4.1
1974-03-01,0.0,8.406,28.23390431187241,0.0,0.0,8.8,1.2131e+21,213286000000.0,0.0,4.0
1974-04-01,0.0,8.5825,28.4111045481394,1.530056e+19,0.0,9.1,1.2209e+21,213437000000.0,0.0,4.1
1974-05-01,0.0,8.972,28.706438275251035,0.0,0.0,8.0,1.2341e+21,213600000000.0,0.0,4.0
1974-06-01,0.0,9.085,28.942705256940343,0.0,0.0,8.9,1.2437e+21,213770000000.0,0.0,4.2
1974-07-01,0.0,9.28,29.11990549320732,1.560026e+19,0.0,8.8,1.2578e+21,213948000000.0,0.0,4.3
1974-08-01,0.0,9.586,29.474305965741287,0.0,0.0,9.3,1.2688e+21,214144000000.0,0.0,4.5
1974-09-01,0.0,9.9575,29.88777318369758,0.0,0.0,9.1,1.2807e+21,214349000000.0,0.0,4.7
1974-10-01,0.0,9.9775,30.124040165386887,1.599679e+19,0.0,9.8,1.294e+21,214538000000.0,0.0,4.8
1974-11-01,0.0,9.788,30.419373892498523,0.0,0.0,9.7,1.296e+21,214704000000.0,0.0,5.4
1974-12-01,0.0,9.615,30.65564087418783,0.0,0.0,10.3,1.3054e+21,214857000000.0,0.0,6.0
1975-01-01,0.0,9.432,30.89190785587714,1.616116e+19,0.0,9.9,1.3123e+21,214998000000.0,0.0,6.8
1975-02-01,0.0,9.105,31.069108092144123,0.0,0.0,10.4,1.3188e+21,215132000000.0,0.0,6.9
1975-03-01,0.0,8.9025,31.187241582988776,0.0,0.0,8.9,1.3242e+21,215276000000.0,0.0,7.4
1975-04-01,0.0,8.82,31.30537507383343,1.651853e+19,0.0,7.2,1.3303e+21,215438000000.0,0.0,7.6
1975-05-01,0.0,8.906,31.36444181925576,0.0,0.0,6.8,1.3438e+21,215646000000.0,0.0,7.8
1975-06-01,0.0,8.8925,31.600708800945068,0.0,0.0,7.2,1.3758e+21,215871000000.0,0.0,7.5
1975-07-01,0.0,8.89,31.896042528056704,1.70982e+19,0.0,7.0,1.3723e+21,216084000000.0,0.0,7.4
1975-08-01,0.0,8.942,32.01417601890136,0.0,0.0,6.8,1.3885e+21,216294000000.0,0.0,7.1
1975-09-01,0.0,9.13,32.250443000590664,0.0,0.0,7.3,1.3987e+21,216490000000.0,0.0,7.3
1975-10-01,0.0,9.224,32.42764323685765,1.761831e+19,0.0,6.6,1.4134e+21,216679000000.0,0.0,7.2
1975-11-01,0.0,9.145,32.66391021854695,0.0,0.0,5.8,1.4224e+21,216851000000.0,0.0,7.2
1975-12-01,0.0,9.0975,32.841110454813936,0.0,0.0,5.8,1.4323e+21,217013000000.0,0.0,7.0
1976-01-01,0.0,9.016,32.95924394565859,1.820487e+19,0.0,6.4,1.4472e+21,217172000000.0,0.0,6.7
1976-02-01,0.0,8.8125,33.01831069108092,0.0,0.0,5.9,1.4575e+21,217315000000.0,0.0,6.5
1976-03-01,0.0,8.755,33.07737743650325,0.0,0.0,6.8,1.4636e+21,217455000000.0,0.0,6.4
1976-04-01,0.0,8.73,33.136444181925576,1.852332e+19,0.0,6.4,1.4725e+21,217607000000.0,0.0,6.4
1976-05-01,0.0,8.765,33.31364441819255,0.0,0.0,7.0,1.4812e+21,217773000000.0,0.0,6.2
1976-06-01,0.0,8.8475,33.490844654459536,0.0,0.0,6.9,1.4899e+21,217948000000.0,0.0,6.5
1976-07-01,0.0,8.934,33.66804489072652,1.886558e+19,0.0,6.4,1.5067e+21,218134000000.0,0.0,6.6
1976-08-01,0.0,9.0,33.8452451269935,0.0,0.0,6.2,1.5193e+21,218337000000.0,0.0,6.5
1976-09-01,0.0,8.9775,34.02244536326048,0.0,0.0,6.2,1.5292e+21,218542000000.0,0.0,6.5
1976-10-01,0.0,8.93,34.199645599527464,1.934273e+19,0.0,5.8,1.5367e+21,218739000000.0,0.0,6.5
1976-11-01,0.0,8.8125,34.31777909037212,0.0,0.0,6.0,1.5572e+21,218920000000.0,0.0,6.7
1976-12-01,0.0,8.792,34.4949793266391,0.0,0.0,5.6,1.5707e+21,219093000000.0,0.0,6.6
1977-01-01,0.0,8.7225,34.67217956290608,1.988648e+19,0.0,5.3,1.5722e+21,219262000000.0,0.0,6.3
1977-02-01,0.0,8.67,35.02658003544004,0.0,0.0,5.1,1.5896e+21,219424000000.0,0.0,6.5
1977-03-01,0.0,8.6875,35.203780271707025,0.0,0.0,5.0,1.6047e+21,219594000000.0,0.0,6.3
1977-04-01,0.0,8.752,35.44004725339634,2.055909e+19,0.0,5.5,1.6209e+21,219772000000.0,0.0,6.0
1977-05-01,0.0,8.8275,35.55818074424099,0.0,0.0,5.4,1.6332e+21,219953000000.0,0.0,5.9
1977-06-01,0.0,8.8575,35.73538098050797,0.0,0.0,5.5,1.6449e+21,220143000000.0,0.0,6.0
1977-07-01,0.0,8.942,35.91258121677495,2.118473e+19,0.0,6.1,1.6626e+21,220349000000.0,0.0,5.8
1977-08-01,0.0,8.94,36.08978145304194,0.0,0.0,5.8,1.6769e+21,220573000000.0,0.0,5.9
1977-09-01,0.0,8.896,36.207914943886585,0.0,0.0,5.9,1.6937e+21,220796000000.0,0.0,5.6
1977-10-01,0.0,8.9225,36.38511518015357,2.16427e+19,0.0,6.1,1.7163e+21,221007000000.0,0.0,5.7
1977-11-01,0.0,8.9225,36.62138216184288,0.0,0.0,6.0,1.7398e+21,221206000000.0,0.0,5.7
1977-12-01,0.0,8.96,36.79858239810986,0.0,0.0,6.0,1.756e+21,221390000000.0,0.0,5.4
1978-01-01,0.0,9.015,37.03484937979918,2.2027600000000004e+19,0.0,5.9,1.7601e+21,221553000000.0,0.0,5.4
1978-02-01,0.0,9.145,37.21204961606615,0.0,0.0,6.3,1.7762e+21,221711000000.0,0.0,5.1
1978-03-01,0.0,9.202,37.44831659775546,0.0,0.0,6.1,1.7979e+21,221892000000.0,0.0,5.1
1978-04-01,0.0,9.355,37.7436503248671,2.3316329999999996e+19,0.0,5.8,1.8219e+21,222084000000.0,0.0,5.0
1978-05-01,0.0,9.5725,38.098050797401065,0.0,0.0,5.9,1.837e+21,222278000000.0,0.0,5.0
1978-06-01,0.0,9.708,38.3933845245127,0.0,0.0,6.2,1.8558e+21,222482000000.0,0.0,4.9
1978-07-01,0.0,9.74,38.68871825162434,2.395053e+19,0.0,6.6,1.8762e+21,222697000000.0,0.0,5.1
1978-08-01,0.0,9.785,38.92498523331365,0.0,0.0,6.6,1.8942e+21,222933000000.0,0.0,4.9
1978-09-01,0.0,9.756,39.27938570584761,0.0,0.0,5.9,1.9075e+21,223168000000.0,0.0,4.9
1978-10-01,0.0,9.8575,39.63378617838156,2.476949e+19,0.0,5.7,1.9297e+21,223383000000.0,0.0,4.7
1978-11-01,0.0,10.1075,39.87005316007088,0.0,0.0,6.5,1.944e+21,223585000000.0,0.0,4.8
1978-12-01,0.0,10.346,40.10632014176019,0.0,0.0,6.1,1.9642e+21,223781000000.0,0.0,4.9
1979-01-01,0.0,10.39,40.460720614294154,2.52661e+19,0.0,6.6,1.9856e+21,223973000000.0,0.0,4.8
1979-02-01,0.0,10.4075,40.87418783225044,0.0,0.0,6.8,2.0041e+21,224150000000.0,0.0,4.9
1979-03-01,0.0,10.426,41.28765505020674,0.0,0.0,6.6,2.0259e+21,224333000000.0,0.0,4.8
1979-04-01,0.0,10.4975,41.70112226816302,2.5912469999999996e+19,0.0,6.8,2.0306e+21,224529000000.0,0.0,4.8
1979-05-01,0.0,10.69,42.17365623154164,0.0,0.0,7.1,2.0446e+21,224734000000.0,0.0,4.6
1979-06-01,0.0,11.036,42.64619019492026,0.0,0.0,7.4,2.0604e+21,224948000000.0,0.0,4.7
1979-07-01,0.0,11.0925,43.118724158298875,2.667565e+19,0.0,7.1,2.0918000000000003e+21,225174000000.0,0.0,4.7
1979-08-01,0.0,11.094,43.53219137625517,0.0,0.0,6.9,2.1111999999999997e+21,225419000000.0,0.0,5.0
1979-09-01,0.0,11.3,43.94565859421146,0.0,0.0,7.4,2.1297e+21,225662000000.0,0.0,4.8
1979-10-01,0.0,11.6375,44.418192557590075,2.7238829999999996e+19,0.0,7.4,2.1471e+21,225893000000.0,0.0,4.9
1979-11-01,0.0,12.83,44.89072652096869,0.0,0.0,8.3,2.1689e+21,226120000000.0,0.0,4.9
1979-12-01,0.0,12.9,45.42232722976964,0.0,0.0,8.6,2.1926999999999999e+21,226339000000.0,0.0,4.9
1980-01-01,0.0,12.8775,46.072061429415236,2.789842e+19,0.0,7.9,2.2188e+21,226554000000.0,0.0,5.3
1980-02-01,0.0,13.04,46.66272888363851,0.0,0.0,8.6,2.2326e+21,226753000000.0,0.0,5.3
1980-03-01,0.0,15.2825,47.31246308328411,0.0,0.0,9.8,2.2481e+21,226955000000.0,0.0,5.3
1980-04-01,0.0,16.325,47.78499704666273,2.797352e+19,0.0,11.6,2.2572e+21,227156000000.0,0.0,6.0
1980-05-01,0.0,14.262,48.25753101004135,0.0,0.0,9.2,2.2677e+21,227387000000.0,0.0,6.4
1980-06-01,0.0,12.71,48.730064973419964,0.0,0.0,7.6,2.2875e+21,227624000000.0,0.0,6.5
1980-07-01,0.0,12.1925,48.789131718842285,2.856483e+19,0.0,6.5,2.3224e+21,227840000000.0,0.0,6.7
1980-08-01,0.0,12.56,49.14353219137625,0.0,0.0,6.0,2.3467e+21,228070000000.0,0.0,6.7
1980-09-01,0.0,13.1975,49.55699940933255,0.0,0.0,7.3,2.3786e+21,228302000000.0,0.0,6.5
1980-10-01,0.0,13.792,50.029533372711164,2.985557e+19,0.0,7.3,2.4183e+21,228515000000.0,0.0,6.5
1980-11-01,0.0,14.205,50.5611340815121,0.0,0.0,7.4,2.4439e+21,228696000000.0,0.0,6.4
1980-12-01,0.0,14.79,51.033668044890725,0.0,0.0,7.6,2.4717e+21,228858000000.0,0.0,6.2
1981-01-01,0.0,14.904,51.50620200826934,3.124206e+19,0.0,8.0,2.4874e+21,229004000000.0,0.0,6.4
1981-02-01,0.0,15.1325,51.97873597164796,0.0,0.0,8.1,2.5055e+21,229148000000.0,0.0,6.3
1981-03-01,0.0,15.4,52.33313644418192,0.0,0.0,7.7,2.531e+21,229314000000.0,0.0,6.3
1981-04-01,0.0,15.58,52.62847017129356,3.162532e+19,0.0,8.6,2.5374e+21,229489000000.0,0.0,6.1
1981-05-01,0.0,16.402,52.982870643827525,0.0,0.0,8.4,2.5564e+21,229668000000.0,0.0,6.4
1981-06-01,0.0,16.695,53.45540460720614,0.0,0.0,9.2,2.5807e+21,229864000000.0,0.0,6.4
1981-07-01,0.0,16.832,54.04607206142941,3.260609e+19,0.0,9.0,2.6353e+21,230077000000.0,0.0,6.2
1981-08-01,0.0,17.285,54.4595392793857,0.0,0.0,9.8,2.6618e+21,230300000000.0,0.0,6.4
1981-09-01,0.0,18.16,54.991139988186646,0.0,0.0,11.3,2.674e+21,230527000000.0,0.0,6.5
1981-10-01,0.0,18.454,55.16834022445364,3.280818e+19,0.0,10.3,2.6758e+21,230732000000.0,0.0,6.8
1981-11-01,0.0,17.825,55.404607206142934,0.0,0.0,9.1,2.6933e+21,230906000000.0,0.0,7.1
1981-12-01,0.0,16.946,55.58180744240992,0.0,0.0,7.1,2.6999e+21,231073000000.0,0.0,7.4
1982-01-01,0.0,17.485,55.75900767867691,3.274302e+19,0.0,8.9,2.7099e+21,231235000000.0,0.0,7.5
1982-02-01,0.0,17.5975,55.936207914943886,0.0,0.0,9.2,2.7295e+21,231392000000.0,0.0,7.7
1982-03-01,0.0,17.16,55.936207914943886,0.0,0.0,8.7,2.7347e+21,231558000000.0,0.0,7.9
1982-04-01,0.0,16.892,56.11340815121086,3.331972e+19,0.0,9.4,2.7551e+21,231727000000.0,0.0,8.2
1982-05-01,0.0,16.6775,56.645008860011814,0.0,0.0,8.3,2.7714e+21,231901000000.0,0.0,8.2
1982-06-01,0.0,16.6975,57.294743059657414,0.0,0.0,8.3,2.7821e+21,232090000000.0,0.0,8.5
1982-07-01,0.0,16.816,57.590076786769046,3.366322e+19,0.0,8.2,2.7988e+21,232290000000.0,0.0,8.7
1982-08-01,0.0,16.27,57.7082102776137,0.0,0.0,7.1,2.813e+21,232496000000.0,0.0,8.7
1982-09-01,0.0,15.43,57.7082102776137,0.0,0.0,6.7,2.8196e+21,232708000000.0,0.0,9.0
1982-10-01,0.0,14.608,57.94447725930301,3.402561e+19,0.0,6.2,2.8337e+21,232905000000.0,0.0,9.3
1982-11-01,0.0,13.825,57.885410513880686,0.0,0.0,5.4,2.8532e+21,233077000000.0,0.0,9.6
1982-12-01,0.0,13.624,57.7082102776137,0.0,0.0,5.8,2.8724e+21,233241000000.0,0.0,9.8
1983-01-01,0.0,13.2475,57.82634376845836,3.473413e+19,0.0,5.4,2.8826e+21,233398000000.0,0.0,9.4
1983-02-01,0.0,13.0425,57.885410513880686,0.0,0.0,5.6,2.8896e+21,233543000000.0,0.0,9.5
1983-03-01,0.0,12.8,57.94447725930301,0.0,0.0,5.4,2.9073e+21,233697000000.0,0.0,9.3
1983-04-01,0.0,12.782,58.3579444772593,3.578848e+19,0.0,5.1,2.9229e+21,233852000000.0,0.0,9.1
1983-05-01,0.0,12.6325,58.594211458948614,0.0,0.0,4.9,2.9461e+21,234020000000.0,0.0,9.1
1983-06-01,0.0,12.87,58.71234494979327,0.0,0.0,5.3,2.9612e+21,234213000000.0,0.0,8.9
1983-07-01,0.0,13.422,58.948611931482574,3.689179e+19,0.0,5.8,2.9863e+21,234404000000.0,0.0,8.4
1983-08-01,0.0,13.81,59.12581216774955,0.0,0.0,6.2,2.9947e+21,234601000000.0,0.0,8.4
1983-09-01,0.0,13.726,59.30301240401654,0.0,0.0,6.2,3.0256e+21,234804000000.0,0.0,8.2
1983-10-01,0.0,13.535,59.539279385705846,3.794706e+19,0.0,5.6,3.0596e+21,234993000000.0,0.0,7.9
1983-11-01,0.0,13.435,59.71647962197282,0.0,0.0,5.8,3.0881e+21,235157000000.0,0.0,7.6
1983-12-01,0.0,13.42,59.893679858239814,0.0,0.0,4.7,3.1168e+21,235310000000.0,0.0,7.4
1984-01-01,0.0,13.3675,60.307147076196095,3.908054e+19,0.0,5.3,3.1407e+21,235456000000.0,0.0,7.2
1984-02-01,0.0,13.2325,60.602480803307735,0.0,0.0,5.1,3.1794e+21,235601000000.0,0.0,6.9
1984-03-01,0.0,13.386,60.77968103957472,0.0,0.0,6.1,3.2087e+21,235757000000.0,0.0,6.9
1984-04-01,0.0,13.6525,61.01594802126402,4.009601e+19,0.0,6.0,3.2413e+21,235916000000.0,0.0,6.9
1984-05-01,0.0,13.9425,61.13408151210868,0.0,0.0,6.7,3.2523e+21,236077000000.0,0.0,6.6
1984-06-01,0.0,14.416,61.252215002953335,0.0,0.0,6.6,3.2824e+21,236254000000.0,0.0,6.4
1984-07-01,0.0,14.6675,61.48848198464264,4.08425e+19,0.0,6.7,3.3014e+21,236449000000.0,0.0,6.6
1984-08-01,0.0,14.47,61.66568222090963,0.0,0.0,7.5,3.3332e+21,236655000000.0,0.0,6.7
1984-09-01,0.0,14.35,61.84288245717661,0.0,0.0,6.5,3.3633e+21,236868000000.0,0.0,6.5
1984-10-01,0.0,14.13,62.07914943886591,4.148551000000001e+19,0.0,6.0,3.3614e+21,237068000000.0,0.0,6.5
1984-11-01,0.0,13.638,62.19728292971057,0.0,0.0,7.2,3.3838e+21,237238000000.0,0.0,6.4
1984-12-01,0.0,13.18,62.31541642055522,0.0,0.0,7.3,3.4164e+21,237392000000.0,0.0,6.4
1985-01-01,0.0,13.075,62.43354991139988,4.230167999999999e+19,0.0,6.7,3.4297e+21,237535000000.0,0.0,6.5
1985-02-01,0.0,12.92,62.78795038393384,0.0,0.0,6.5,3.4483e+21,237667000000.0,0.0,6.4
1985-03-01,0.0,13.17,63.08328411104548,0.0,0.0,6.4,3.4765e+21,237816000000.0,0.0,6.4
1985-04-01,0.0,13.195,63.201417601890135,4.294887e+19,0.0,6.9,3.4751e+21,237987000000.0,0.0,6.5
1985-05-01,0.0,12.914,63.31955109273479,0.0,0.0,6.4,3.4909e+21,238172000000.0,0.0,6.4
1985-06-01,0.0,12.215,63.49675132900177,0.0,0.0,6.0,3.5128e+21,238368000000.0,0.0,6.6
1985-07-01,0.0,12.0325,63.614884819846424,4.386773e+19,0.0,5.6,3.5266e+21,238573000000.0,0.0,6.4
1985-08-01,0.0,12.186,63.73301831069108,0.0,0.0,5.8,3.5381e+21,238789000000.0,0.0,6.3
1985-09-01,0.0,12.1925,63.85115180153573,0.0,0.0,6.3,3.5604e+21,239006000000.0,0.0,6.3
1985-10-01,0.0,12.135,64.08741878322505,4.444094e+19,0.0,6.4,3.5834e+21,239210000000.0,0.0,6.2
1985-11-01,0.0,11.784,64.38275251033667,0.0,0.0,5.9,3.5994e+21,239392000000.0,0.0,6.2
1985-12-01,0.0,11.26,64.67808623744831,0.0,0.0,5.8,3.6335e+21,239558000000.0,0.0,6.1
1986-01-01,0.0,10.886,64.91435321913762,4.507894e+19,0.0,5.7,3.6479e+21,239713000000.0,0.0,5.9
1986-02-01,0.0,10.71,64.79621972829297,0.0,0.0,6.0,3.6659e+21,239858000000.0,0.0,6.3
1986-03-01,0.0,10.08,64.441819255759,0.0,0.0,4.7,3.6924e+21,240011000000.0,0.0,6.3
1986-04-01,0.0,9.9375,64.2055522740697,4.54534e+19,0.0,4.7,3.697e+21,240183000000.0,0.0,6.2
1986-05-01,0.0,10.144,64.38275251033667,0.0,0.0,5.2,3.7078e+21,240365000000.0,0.0,6.3
1986-06-01,0.0,10.6825,64.61901949202598,0.0,0.0,5.7,3.7227e+21,240555000000.0,0.0,6.3
1986-07-01,0.0,10.5075,64.67808623744831,4.607669e+19,0.0,6.1,3.7413e+21,240753000000.0,0.0,6.2
1986-08-01,0.0,10.2,64.73715298287064,0.0,0.0,7.0,3.7539e+21,240961000000.0,0.0,6.1
1986-09-01,0.0,10.0075,64.97341996455995,0.0,0.0,5.8,3.7696e+21,241171000000.0,0.0,6.2
1986-10-01,0.0,9.974,65.09155345540461,4.657627000000001e+19,0.0,6.5,3.7773e+21,241371000000.0,0.0,6.2
1986-11-01,0.0,9.695,65.20968694624926,0.0,0.0,6.1,3.7901e+21,241544000000.0,0.0,6.1
1986-12-01,0.0,9.31,65.44595392793856,0.0,0.0,5.5,3.8086e+21,241702000000.0,0.0,5.9
1987-01-01,0.0,9.204,65.80035440047253,4.722156e+19,63.965,6.0,3.8202e+21,241857000000.0,0.0,5.9
1987-02-01,0.0,9.0825,66.03662138216184,0.0,64.42399999999999,6.2,3.845e+21,242005000000.0,0.0,5.8
1987-03-01,0.0,9.035,66.27288836385115,0.0,64.736,6.0,3.8638e+21,242166000000.0,0.0,5.8
1987-04-01,0.0,9.8325,66.56822209096279,4.80616e+19,65.131,6.0,3.8754e+21,242338000000.0,0.0,5.5
1987-05-01,0.0,10.596,66.74542232722976,0.0,65.564,6.7,3.9086e+21,242516000000.0,0.0,5.5
1987-06-01,0.0,10.5375,67.0407560543414,0.0,66.071,6.9,3.9197e+21,242706000000.0,0.0,5.5
1987-07-01,0.0,10.278,67.21795629060838,4.884555e+19,66.506,6.7,3.9421e+21,242908000000.0,0.0,5.4
1987-08-01,0.0,10.33,67.51329001772002,0.0,66.937,6.8,3.9786e+21,243118000000.0,0.0,5.3
1987-09-01,0.0,10.8875,67.74955699940934,0.0,67.33,6.8,3.9956e+21,243335000000.0,0.0,5.2
1987-10-01,0.0,11.26,67.9267572356763,5.007993999999999e+19,67.738,6.8,4.0347e+21,243543000000.0,0.0,5.2
1987-11-01,0.0,10.65,68.16302421736562,0.0,68.10600000000001,7.0,4.0621e+21,243724000000.0,0.0,5.1
1987-12-01,0.0,10.64,68.28115770821027,0.0,68.505,7.6,4.1157e+21,243895000000.0,0.0,5.0
1988-01-01,0.0,10.3825,68.51742468989958,5.073372e+19,68.857,7.5,4.1282e+21,244056000000.0,0.0,5.0
1988-02-01,0.0,9.8925,68.63555818074424,0.0,69.26100000000001,6.6,4.153e+21,244205000000.0,0.0,5.0
1988-03-01,0.0,9.93,68.81275841701122,0.0,69.638,6.6,4.1783e+21,244362000000.0,0.0,4.9
1988-04-01,0.0,10.202,69.2262256349675,5.190036e+19,69.975,6.4,4.2095e+21,244528000000.0,0.0,4.7
1988-05-01,0.0,10.455,69.40342587123449,0.0,70.426,6.6,4.2258999999999996e+21,244708000000.0,0.0,4.9
1988-06-01,0.0,10.46,69.69875959834613,0.0,70.889,6.2,4.2588999999999993e+21,244914000000.0,0.0,4.8
1988-07-01,0.0,10.432,69.99409332545777,5.282835e+19,71.354,6.6,4.2988e+21,245131000000.0,0.0,4.8
1988-08-01,0.0,10.5975,70.2894270525694,0.0,71.8,6.6,4.323e+21,245352000000.0,0.0,4.9
1988-09-01,0.0,10.48,70.58476077968103,0.0,72.24,6.5,4.3525e+21,245579000000.0,0.0,4.7
1988-10-01,0.0,10.3025,70.82102776137035,5.399509e+19,72.635,6.0,4.3911000000000007e+21,245789000000.0,0.0,4.7
1988-11-01,0.0,10.265,71.05729474305966,0.0,73.071,7.2,4.4025e+21,245970000000.0,0.0,4.7
1988-12-01,0.0,10.612,71.29356172474897,0.0,73.464,6.8,4.4386e+21,246140000000.0,0.0,4.7
1989-01-01,0.0,10.73,71.5888954518606,5.511253e+19,73.946,6.2,4.5015e+21,246301000000.0,0.0,4.7
1989-02-01,0.0,10.645,71.8251624335499,0.0,74.381,7.5,4.5296e+21,246454000000.0,0.0,4.5
1989-03-01,0.0,11.032,72.17956290608387,0.0,74.777,8.2,4.5702e+21,246626000000.0,0.0,4.4
1989-04-01,0.0,11.05,72.71116361488481,5.612463e+19,75.084,7.4,4.5825e+21,246814000000.0,0.0,4.6
1989-05-01,0.0,10.7725,73.06556408741878,0.0,75.305,7.1,4.5794e+21,247010000000.0,0.0,4.5
1989-06-01,0.0,10.196,73.30183106910809,0.0,75.47800000000001,7.2,4.6022e+21,247228000000.0,0.0,4.6
1989-07-01,0.0,9.8825,73.5380980507974,5.695365e+19,75.656,6.1,4.6285e+21,247458000000.0,0.0,4.6
1989-08-01,0.0,9.985,73.5380980507974,0.0,75.833,6.4,4.6391e+21,247695000000.0,0.0,4.6
1989-09-01,0.0,10.126,73.71529828706437,0.0,76.055,7.1,4.6623e+21,247942000000.0,0.0,4.6
1989-10-01,0.0,9.9475,74.06969875959835,5.747237e+19,76.282,6.9,4.703e+21,248174000000.0,0.0,4.7
1989-11-01,0.0,9.7675,74.36503248670998,0.0,76.52,6.6,4.7181e+21,248380000000.0,0.0,4.7
1989-12-01,0.0,9.744,74.60129946839929,0.0,76.705,7.0,4.7357e+21,248569000000.0,0.0,4.7
1990-01-01,0.0,9.895,75.31010041346721,5.872701e+19,76.89699999999999,7.0,4.7838e+21,248743000000.0,0.0,4.7
1990-02-01,0.0,10.1975,75.60543414057885,0.0,77.053,7.6,4.8198e+21,248920000000.0,0.0,4.6
1990-03-01,0.0,10.268,75.9598346131128,0.0,77.20100000000001,7.8,4.8427e+21,249146000000.0,0.0,4.6
1990-04-01,0.0,10.37,76.1370348493798,5.960028e+19,77.278,8.3,4.8838e+21,249436000000.0,0.0,4.8
1990-05-01,0.0,10.4775,76.25516834022444,0.0,77.298,8.2,4.8895e+21,249707000000.0,0.0,4.7
1990-06-01,0.0,10.164,76.72770230360307,0.0,77.258,7.9,4.9193e+21,249990000000.0,0.0,4.7
1990-07-01,0.0,10.035,77.08210277613703,6.015116e+19,77.139,7.8,4.9482e+21,250285000000.0,0.0,4.9
1990-08-01,0.0,10.1,77.73183697578263,0.0,77.009,8.2,4.9499e+21,250595000000.0,0.0,5.0
1990-09-01,0.0,10.175,78.26343768458358,0.0,76.85,8.4,4.9786e+21,250904000000.0,0.0,5.2
1990-10-01,0.0,10.1775,78.79503839338453,6.004733e+19,76.699,8.7,4.9665e+21,251201000000.0,0.0,5.2
1990-11-01,0.0,10.014,78.9722386296515,0.0,76.37,8.2,4.9735e+21,251486000000.0,0.0,5.5
1990-12-01,0.0,9.6725,79.26757235676313,0.0,76.184,8.5,5.0041e+21,251758000000.0,0.0,5.6
1991-01-01,0.0,9.6375,79.56290608387476,6.035178e+19,75.915,9.4,4.9904e+21,252012000000.0,0.0,5.6
1991-02-01,0.0,9.365,79.6219728292971,0.0,75.733,7.9,4.9971e+21,252253000000.0,0.0,5.9
1991-03-01,0.0,9.5,79.6219728292971,0.0,75.57,7.3,5.0058e+21,252507000000.0,0.0,6.1
1991-04-01,0.0,9.4925,79.79917306556408,6.126862e+19,75.565,7.3,5.0343e+21,252778000000.0,0.0,6.0
1991-05-01,0.0,9.472,80.09450679267572,0.0,75.765,7.0,5.0559e+21,253060000000.0,0.0,6.2
1991-06-01,0.0,9.615,80.33077377436503,0.0,75.993,7.0,5.0908e+21,253350000000.0,0.0,6.2
1991-07-01,0.0,9.575,80.44890726520967,6.205937e+19,76.082,7.1,5.087e+21,253650000000.0,0.0,6.1
1991-08-01,0.0,9.244,80.685174246899,0.0,76.109,6.8,5.1084e+21,253966000000.0,0.0,6.2
1991-09-01,8.67,9.0075,80.92144122858831,0.0,76.193,7.4,5.1415e+21,254280000000.0,0.0,6.2
1991-10-01,8.4825,8.855,81.03957471943295,6.26454e+19,76.074,6.7,5.1577e+21,254576000000.0,0.0,6.3
1991-11-01,8.326,8.712,81.39397519196693,0.0,76.014,6.2,5.177e+21,254841000000.0,0.0,6.3
1991-12-01,8.07,8.4975,81.63024217365623,0.0,76.056,6.2,5.233e+21,255089000000.0,0.0,6.5
1992-01-01,8.006,8.432,81.68930891907856,6.363102e+19,76.087,5.2,5.2648e+21,255331000000.0,0.0,6.6
1992-02-01,8.3825,8.7625,81.86650915534554,0.0,76.157,4.9,5.3032e+21,255576000000.0,0.0,6.7
1992-03-01,8.5775,8.935,82.16184288245717,0.0,76.278,6.1,5.3238e+21,255848000000.0,0.0,6.7
1992-04-01,8.47,8.8525,82.33904311872416,6.470763e+19,76.346,6.1,5.3574e+21,256139000000.0,0.0,6.7
1992-05-01,8.294,8.672,82.51624335499113,0.0,76.399,6.0,5.3924e+21,256437000000.0,0.0,6.9
1992-06-01,8.0775,8.51,82.75251033668044,0.0,76.332,5.6,5.424e+21,256742000000.0,0.0,6.9
1992-07-01,7.67,8.128,82.98877731836976,6.566641e+19,76.264,5.3,5.4371e+21,257063000000.0,0.0,6.9
1992-08-01,7.49,7.975,83.16597755463674,0.0,76.23100000000001,5.2,5.4651e+21,257390000000.0,0.0,6.9
1992-09-01,7.405,7.9225,83.34317779090371,0.0,76.23899999999999,5.0,5.4528e+21,257704000000.0,0.0,6.8
1992-10-01,7.546,8.088,83.69757826343768,6.680803e+19,76.377,5.1,5.4449e+21,258004000000.0,0.0,6.7
1992-11-01,7.795,8.305,83.93384524512699,0.0,76.559,5.4,5.4674e+21,258280000000.0,0.0,6.7
1992-12-01,7.742,8.206,84.05197873597164,0.0,76.67399999999999,5.0,5.6768e+21,258546000000.0,0.0,6.7
1993-01-01,7.51,7.9925,84.34731246308328,6.729459e+19,76.78399999999999,5.4,5.5341e+21,258799000000.0,4.5808e+17,6.5
1993-02-01,7.17,7.6825,84.52451269935025,0.0,76.837,5.3,5.568e+21,259036000000.0,4.62967e+17,6.4
1993-03-01,6.99,7.495,84.64264619019492,0.0,76.867,5.4,5.565e+21,259283000000.0,4.58399e+17,6.3
1993-04-01,6.96,7.472,84.93797991730656,6.808939e+19,76.936,4.7,5.6218e+21,259547000000.0,4.69425e+17,6.4
1993-05-01,6.9275,7.465,85.17424689899586,0.0,77.03699999999999,5.3,5.6379e+21,259822000000.0,4.68998e+17,6.3
1993-06-01,6.915,7.4175,85.23331364441819,0.0,77.242,5.2,5.6329e+21,260109000000.0,4.80247e+17,6.3
1993-07-01,6.718,7.206,85.35144713526284,6.882098e+19,77.429,5.3,5.6601e+21,260411000000.0,4.83571e+17,6.2
1993-08-01,6.6275,7.1125,85.52864737152983,0.0,77.613,5.5,5.682e+21,260717000000.0,4.91494e+17,6.1
1993-09-01,6.44,6.915,85.64678086237448,0.0,77.795,4.9,5.6751e+21,261015000000.0,4.97297e+17,6.1
1993-10-01,6.374,6.834,86.00118133490844,7.013738e+19,77.942,5.0,5.6691e+21,261294000000.0,4.92823e+17,6.1
1993-11-01,6.6875,7.155,86.23744831659775,0.0,78.149,4.8,5.6944e+21,261550000000.0,5.15934e+17,5.9
1993-12-01,6.682,7.172,86.41464855286473,0.0,78.32600000000001,4.5,5.8938e+21,261796000000.0,5.3315e+17,5.9
1994-01-01,6.565,7.06,86.41464855286473,7.115652e+19,78.59100000000001,5.9,5.779e+21,262021000000.0,5.13314e+17,5.9
1994-02-01,6.655,7.1525,86.65091553455403,0.0,78.727,5.0,5.798e+21,262237000000.0,5.13196e+17,5.9
1994-03-01,7.1825,7.675,86.88718251624334,0.0,78.85600000000001,4.8,5.8294e+21,262491000000.0,5.2104e+17,5.8
1994-04-01,7.8,8.316,86.94624926166567,7.246931e+19,78.987,5.2,5.8905e+21,262754000000.0,5.28063e+17,5.6
1994-05-01,8.0775,8.5975,87.12344949793265,0.0,79.222,5.3,5.9111e+21,263014000000.0,5.32328e+17,5.3
1994-06-01,7.91,8.3975,87.35971647962197,0.0,79.423,6.2,5.9175e+21,263294000000.0,5.36198e+17,5.4
1994-07-01,8.112,8.614,87.6550502067336,7.331075e+19,79.595,6.3,5.9464e+21,263580000000.0,5.37232e+17,5.4
1994-08-01,8.02,8.5125,88.00945067926757,0.0,79.781,6.1,5.9687e+21,263871000000.0,5.3796e+17,5.4
1994-09-01,8.132,8.64,88.18665091553456,0.0,79.919,6.0,6.0015e+21,264159000000.0,5.38215e+17,5.2
1994-10-01,8.3875,8.925,88.24571766095688,7.455288e+19,80.065,5.6,6.0653e+21,264430000000.0,5.33273e+17,5.1
1994-11-01,8.665,9.17,88.4819846426462,0.0,80.15,6.3,6.0754e+21,264681000000.0,5.3915e+17,5.0
1994-12-01,8.804,9.198,88.65918487891317,0.0,80.297,6.6,6.1081e+21,264924000000.0,5.41794e+17,4.8
1995-01-01,8.795,9.1475,88.89545186060248,7.522289e+19,80.42699999999999,6.8,6.1486e+21,265157000000.0,5.4393e+17,4.9
1995-02-01,8.46,8.8275,89.13171884229179,0.0,80.528,7.3,6.1733e+21,265383000000.0,5.37826e+17,4.7
1995-03-01,8.064,8.462,89.30891907855876,0.0,80.59899999999999,6.8,6.2003e+21,265625000000.0,5.42715e+17,4.7
1995-04-01,7.88,8.32,89.66331955109274,7.580997e+19,80.661,6.7,6.2239e+21,265877000000.0,5.43096e+17,5.0
1995-05-01,7.51,7.955,89.84051978735971,0.0,80.704,6.3,6.2383e+21,266134000000.0,5.42566e+17,4.9
1995-06-01,7.062,7.566,90.0177200236267,0.0,80.78399999999999,5.8,6.2674e+21,266414000000.0,5.46131e+17,4.9
1995-07-01,7.0875,7.6075,90.13585351447135,7.683125e+19,80.937,5.6,6.2963e+21,266700000000.0,5.47342e+17,4.9
1995-08-01,7.36,7.86,90.31305375073833,0.0,81.11,6.1,6.319e+21,266998000000.0,5.50996e+17,4.9
1995-09-01,7.16,7.636,90.43118724158298,0.0,81.307,6.3,6.3477e+21,267304000000.0,5.54011e+17,4.9
1995-10-01,7.0075,7.475,90.66745422327229,7.772586e+19,81.482,6.3,6.3735e+21,267585000000.0,5.55132e+17,4.8
1995-11-01,6.8875,7.3775,90.78558771411694,0.0,81.619,6.8,6.394e+21,267829000000.0,5.57445e+17,4.9
1995-12-01,6.736,7.2,90.9037212049616,0.0,81.737,6.4,6.4178e+21,268047000000.0,5.57953e+17,4.8
1996-01-01,6.545,7.03,91.37625516834021,7.868468e+19,81.834,6.4,6.4539e+21,268258000000.0,5.75138e+17,4.9
1996-02-01,6.56,7.075,91.5534554046072,0.0,81.954,5.3,6.5178e+21,268480000000.0,5.68052e+17,4.8
1996-03-01,7.114,7.624,91.84878913171883,0.0,82.194,6.2,6.5604e+21,268724000000.0,5.74538e+17,4.8
1996-04-01,7.44,7.925,92.2031896042528,8.03284e+19,82.421,6.0,6.5973e+21,268980000000.0,5.90464e+17,4.8
1996-05-01,7.578,8.07,92.38038984051978,0.0,82.61,5.9,6.6373e+21,269247000000.0,6.00186e+17,4.9
1996-06-01,7.8325,8.32,92.55759007678675,0.0,82.75200000000001,6.0,6.6813e+21,269527000000.0,6.0215e+17,4.6
1996-07-01,7.7675,8.245,92.73479031305375,8.131408e+19,82.929,5.7,6.6816e+21,269822000000.0,5.99899e+17,4.7
1996-08-01,7.518,8.002,92.85292380389839,0.0,83.086,5.0,6.7094e+21,270130000000.0,6.03959e+17,4.4
1996-09-01,7.7525,8.23,93.14825753101003,0.0,83.256,5.2,6.7474e+21,270433000000.0,6.15466e+17,4.5
1996-10-01,7.43,7.915,93.44359125812167,8.259771e+19,83.37700000000001,5.6,6.7688e+21,270730000000.0,6.21761e+17,4.5
1996-11-01,7.142,7.618,93.7389249852333,0.0,83.552,5.2,6.8024e+21,271002000000.0,6.20812e+17,4.7
1996-12-01,7.0975,7.5975,93.97519196692261,0.0,83.721,5.0,6.8366e+21,271243000000.0,6.06078e+17,4.7
1997-01-01,7.328,7.824,94.1523922031896,8.362655e+19,83.955,4.7,6.8848e+21,271472000000.0,6.08608e+17,4.6
1997-02-01,7.15,7.65,94.32959243945658,0.0,84.181,4.5,6.9209e+21,271703000000.0,6.15415e+17,4.5
1997-03-01,7.405,7.8975,94.38865918487892,0.0,84.45200000000001,4.1,6.9608e+21,271952000000.0,6.20467e+17,4.5
1997-04-01,7.675,8.1425,94.44772593030125,8.518825000000001e+19,84.62299999999999,4.7,6.9728e+21,272213000000.0,6.16175e+17,4.4
1997-05-01,7.472,7.944,94.44772593030125,0.0,84.86200000000001,4.6,7.0013e+21,272482000000.0,6.24743e+17,4.2
1997-06-01,7.235,7.69,94.62492616656822,0.0,85.08,4.4,7.0358e+21,272767000000.0,6.26396e+17,4.3
1997-07-01,7.0375,7.4975,94.74305965741287,8.662823e+19,85.33200000000001,4.4,7.0717e+21,273074000000.0,6.3741e+17,4.1
1997-08-01,7.016,7.48,94.97932663910218,0.0,85.573,4.3,7.1194e+21,273395000000.0,6.39593e+17,4.1
1997-09-01,6.9875,7.43,95.21559362079148,0.0,85.851,4.2,7.1581e+21,273703000000.0,6.46526e+17,4.2
1997-10-01,6.848,7.294,95.39279385705848,8.765906999999999e+19,86.147,4.3,7.2051e+21,273989000000.0,6.53196e+17,4.1
1997-11-01,6.76,7.205,95.51092734790312,0.0,86.633,3.9,7.257e+21,274249000000.0,6.4371e+17,4.0
1997-12-01,6.6625,7.095,95.56999409332546,0.0,87.09299999999999,4.4,7.3e+21,274499000000.0,6.42021e+17,4.2
1998-01-01,6.576,6.994,95.6881275841701,8.86648e+19,87.615,4.0,7.3689e+21,274732000000.0,6.45686e+17,4.1
1998-02-01,6.6375,7.0425,95.6881275841701,0.0,88.00299999999999,3.9,7.4165e+21,274943000000.0,6.48121e+17,4.0
1998-03-01,6.7425,7.1275,95.6881275841701,0.0,88.44200000000001,4.1,7.464e+21,275175000000.0,6.66906e+17,4.0
1998-04-01,6.78,7.14,95.80626107501476,8.969699e+19,88.87899999999999,4.0,7.5017e+21,275434000000.0,6.74351e+17,3.8
1998-05-01,6.784,7.144,96.04252805670407,0.0,89.36399999999999,3.9,7.547e+21,275700000000.0,6.74325e+17,3.7
1998-06-01,6.6675,6.9975,96.16066154754873,0.0,89.845,3.8,7.5844e+21,275976000000.0,7.03177e+17,3.9
1998-07-01,6.624,6.952,96.39692852923802,9.121097e+19,90.31,4.0,7.6169e+21,276266000000.0,6.9654e+17,3.9
1998-08-01,6.6125,6.9225,96.5150620200827,0.0,90.786,4.1,7.6562e+21,276566000000.0,6.98156e+17,3.8
1998-09-01,6.4025,6.7225,96.57412876550502,0.0,91.259,4.1,7.6781e+21,276859000000.0,7.07561e+17,3.9
1998-10-01,6.364,6.71,96.81039574719433,9.293991e+19,91.717,4.0,7.7088e+21,277140000000.0,7.07943e+17,3.8
1998-11-01,6.505,6.865,96.92852923803898,0.0,92.2,3.5,7.7457e+21,277402000000.0,7.07845e+17,3.8
1998-12-01,6.39,6.738,97.10572947430596,0.0,92.712,3.8,7.7718e+21,277658000000.0,7.06989e+17,3.8
1999-01-01,6.425,6.785,97.28292971057293,9.411682000000002e+19,93.208,3.9,7.8131e+21,277891000000.0,7.08818e+17,3.6
1999-02-01,6.4375,6.8075,97.28292971057293,0.0,93.672,4.0,7.8409e+21,278095000000.0,7.26308e+17,3.8
1999-03-01,6.675,7.04,97.34199645599527,0.0,94.218,4.1,7.8559e+21,278324000000.0,7.37226e+17,3.5
1999-04-01,6.528,6.916,97.99173065564088,9.526209999999998e+19,94.785,3.9,7.8711e+21,278584000000.0,7.28788e+17,3.7
1999-05-01,6.7475,7.145,98.05079740106319,0.0,95.344,4.0,7.8942e+21,278859000000.0,7.27358e+17,3.6
1999-06-01,7.1775,7.55,98.05079740106319,0.0,95.974,3.9,7.9251e+21,279148000000.0,7.39167e+17,3.7
1999-07-01,7.256,7.632,98.46426461901947,9.686626e+19,96.592,4.0,7.9658e+21,279448000000.0,7.45815e+17,3.7
1999-08-01,7.5275,7.9425,98.7005316007088,0.0,97.219,4.0,8.0169e+21,279752000000.0,7.41524e+17,3.6
1999-09-01,7.4425,7.8225,99.1139988186651,0.0,97.862,4.5,8.0412e+21,280053000000.0,7.51402e+17,3.6
1999-10-01,7.466,7.852,99.29119905493206,9.900169e+19,98.523,4.2,8.1024e+21,280337000000.0,7.59906e+17,3.5
1999-11-01,7.355,7.7375,99.46839929119905,0.0,99.154,4.3,8.1653e+21,280594000000.0,7.81199e+17,3.5
1999-12-01,7.522,7.912,99.70466627288836,0.0,99.844,4.3,8.251200000000001e+21,280846000000.0,7.89431e+17,3.4
2000-01-01,7.8025,8.21,100.0,1.0002179e+20,100.552,4.3,8.348e+21,281083000000.0,7.8494e+17,3.5
2000-02-01,7.9325,8.325,100.41346721795628,0.0,101.339,4.3,8.408799999999999e+21,281299000000.0,7.93737e+17,3.5
2000-03-01,7.832,8.24,101.00413467217956,0.0,102.127,4.3,8.468299999999999e+21,281531000000.0,8.09459e+17,3.4
2000-04-01,7.8,8.1525,100.94506792675723,1.0247719999999998e+20,102.922,4.4,8.506799999999999e+21,281763000000.0,8.04766e+17,3.3
2000-05-01,8.1825,8.515,101.1222681630242,0.0,103.678,4.4,8.5445e+21,281996000000.0,8.05005e+17,3.5
2000-06-01,7.992,8.288,101.71293561724748,0.0,104.424,4.8,8.597799999999999e+21,282247000000.0,7.95411e+17,3.4
2000-07-01,7.865,8.1475,102.00826934435912,1.0318165000000001e+20,105.054,4.1,8.665299999999999e+21,282504000000.0,7.83795e+17,3.5
2000-08-01,7.7625,8.0275,102.00826934435912,0.0,105.768,4.4,8.712200000000001e+21,282769000000.0,8.05341e+17,3.5
2000-09-01,7.604,7.912,102.53987005316006,0.0,106.538,4.0,8.757700000000001e+21,283033000000.0,8.1433e+17,3.4
2000-10-01,7.47,7.795,102.71707028942706,1.0435744e+20,107.383,4.0,8.7921e+21,283285000000.0,8.161e+17,3.3
2000-11-01,7.4175,7.745,102.89427052569403,0.0,108.302,4.2,8.8099e+21,283523000000.0,8.20054e+17,3.4
2000-12-01,7.056,7.382,103.13053750738334,0.0,109.14,3.6,8.844e+21,283748000000.0,8.11516e+17,3.4
2001-01-01,6.64,7.0325,103.7212049616066,1.0470231e+20,109.846,3.8,8.9409e+21,283960000000.0,8.14479e+17,3.6
2001-02-01,6.64,7.05,103.95747194329591,0.0,110.501,3.7,8.9758e+21,284166000000.0,8.13647e+17,3.7
2001-03-01,6.508,6.952,104.01653868871824,0.0,111.109,3.8,9.0094e+21,284380000000.0,8.28057e+17,3.7
2001-04-01,6.595,7.0775,104.19373892498523,1.0599e+20,111.652,3.9,9.0089e+21,284602000000.0,8.42392e+17,3.8
2001-05-01,6.675,7.145,104.72533963378618,0.0,112.164,4.0,9.0111e+21,284834000000.0,8.48146e+17,3.8
2001-06-01,6.7,7.16,104.96160661547547,0.0,112.796,4.2,9.0171e+21,285076000000.0,8.5573e+17,4.0
2001-07-01,6.6825,7.1275,104.7844063792085,1.059802e+20,113.491,4.2,9.0146e+21,285324000000.0,8.50471e+17,4.0
2001-08-01,6.5,6.95,104.7844063792085,0.0,114.168,4.4,9.0014e+21,285584000000.0,8.47465e+17,4.3
2001-09-01,6.34,6.8175,105.19787359716479,0.0,114.812,4.4,8.9753e+21,285842000000.0,8.37412e+17,4.4
2001-10-01,6.0975,6.6175,104.90253987005315,1.0660465e+20,115.31,4.3,8.9873e+21,286086000000.0,8.45941e+17,4.7
2001-11-01,6.146,6.658,104.84347312463083,0.0,115.857,4.1,8.9851e+21,286315000000.0,8.43911e+17,4.9
2001-12-01,6.5425,7.065,104.7844063792085,0.0,116.455,3.8,8.9907e+21,286533000000.0,8.49689e+17,5.1
2002-01-01,6.48,6.9975,104.96160661547547,1.07835e+20,117.144,4.2,9.0156e+21,286739000000.0,8.58654e+17,5.1
2002-02-01,6.375,6.8925,105.13880685174246,0.0,117.844,4.0,9.0319e+21,286935000000.0,8.62338e+17,5.1
2002-03-01,6.516,7.014,105.4341405788541,0.0,118.687,4.1,9.0507e+21,287131000000.0,8.44551e+17,5.1
2002-04-01,6.475,6.985,105.90667454223272,1.0887459999999998e+20,119.61,4.3,9.0999e+21,287343000000.0,8.5824e+17,5.3
2002-05-01,6.28,6.806,106.02480803307738,0.0,120.724,4.0,9.131e+21,287571000000.0,8.50935e+17,5.2
2002-06-01,6.105,6.65,106.08387477849969,0.0,121.813,4.2,9.1648e+21,287808000000.0,8.46777e+17,5.2
2002-07-01,5.93,6.485,106.320141760189,1.0984040000000002e+20,122.888,4.2,9.1575e+21,288051000000.0,8.47129e+17,5.2
2002-08-01,5.702,6.29,106.61547548730064,0.0,123.83,4.0,9.1753e+21,288303000000.0,8.39008e+17,5.1
2002-09-01,5.5075,6.0925,106.79267572356763,0.0,124.78,3.9,9.1971e+21,288554000000.0,8.32134e+17,5.1
2002-10-01,5.5,6.1125,107.02894270525692,1.1061433e+20,125.734,4.0,9.2296e+21,288794000000.0,8.3969e+17,5.2
2002-11-01,5.464,6.068,107.20614294152392,0.0,126.669,4.0,9.2588e+21,289012000000.0,8.44697e+17,5.3
2002-12-01,5.45,6.0475,107.3833431777909,0.0,127.623,4.0,9.2883e+21,289214000000.0,8.55921e+17,5.4
2003-01-01,5.304,5.916,107.85587714116951,1.1174129e+20,128.461,4.0,9.2901e+21,289412000000.0,8.63855e+17,5.2
2003-02-01,5.22,5.8425,108.44654459539278,0.0,129.356,4.5,9.2962e+21,289606000000.0,8.59225e+17,5.3
2003-03-01,5.065,5.745,108.62374483165978,0.0,130.148,4.1,9.3338e+21,289809000000.0,8.51132e+17,5.3
2003-04-01,5.1175,5.8125,108.21027761370347,1.1312766e+20,130.884,4.1,9.3564e+21,290024000000.0,8.59459e+17,5.4
2003-05-01,4.86,5.484,108.0330773774365,0.0,131.734,3.9,9.4144e+21,290250000000.0,8.66814e+17,5.5
2003-06-01,4.6275,5.23,108.15121086828115,0.0,132.649,3.5,9.4553e+21,290484000000.0,8.80865e+17,5.6
2003-07-01,4.9675,5.6325,108.50561134081511,1.1566669e+20,133.77700000000002,3.6,9.4916e+21,290726000000.0,8.91264e+17,5.5
2003-08-01,5.588,6.264,108.97814530419373,0.0,134.968,3.5,9.5388e+21,290974000000.0,9.01839e+17,5.5
2003-09-01,5.4575,6.1475,109.3325457767277,0.0,136.29399999999998,3.8,9.5825e+21,291222000000.0,9.11589e+17,5.5
2003-10-01,5.274,5.952,109.21441228588304,1.1772234e+20,137.532,3.8,9.6204e+21,291463000000.0,9.25732e+17,5.4
2003-11-01,5.2725,5.9325,109.27347903130537,0.0,138.79399999999998,4.1,9.6882e+21,291677000000.0,9.25985e+17,5.3
2003-12-01,5.204,5.876,109.56881275841701,0.0,140.18,4.0,9.7132e+21,291868000000.0,9.48491e+17,5.1
2004-01-01,5.015,5.7125,110.04134672179563,1.1923447e+20,141.64700000000002,3.8,9.7318e+21,292046000000.0,9.38525e+17,5.1
2004-02-01,4.9375,5.635,110.27761370348493,0.0,143.192,3.7,9.7654e+21,292230000000.0,9.37813e+17,5.0
2004-03-01,4.74,5.445,110.51388068517424,0.0,145.059,3.6,9.8158e+21,292434000000.0,9.61159e+17,5.2
2004-04-01,5.158,5.83,110.69108092144123,1.2112815e+20,146.593,4.0,9.8658e+21,292651000000.0,9.67602e+17,5.0
2004-05-01,5.6375,6.27,111.16361488481984,0.0,148.185,3.8,9.95e+21,292872000000.0,9.74381e+17,5.0
2004-06-01,5.66,6.2875,111.57708210277613,0.0,149.85,3.9,9.9884e+21,293103000000.0,9.83087e+17,5.1
2004-07-01,5.464,6.056,111.69521559362079,1.2305307e+20,151.33700000000002,4.5,1.0033e+22,293350000000.0,1.006184e+18,4.9
2004-08-01,5.26,5.8675,111.7542823390431,0.0,152.63299999999998,4.3,1.00782e+22,293603000000.0,1.013616e+18,4.8
2004-09-01,5.144,5.754,112.10868281157708,0.0,154.178,4.1,1.01105e+22,293857000000.0,1.01208e+18,4.8
2004-10-01,5.115,5.7225,112.69935026580036,1.2527214e+20,155.75,3.9,1.01593e+22,294104000000.0,1.015719e+18,4.8
2004-11-01,5.135,5.73,113.23095097460128,0.0,157.52700000000002,4.3,1.01715e+22,294337000000.0,1.022994e+18,4.8
2004-12-01,5.178,5.752,113.23095097460128,0.0,159.329,4.1,1.05208e+22,294561000000.0,1.03748e+18,4.7
2005-01-01,5.1725,5.71,113.17188422917896,1.2767286e+20,161.287,4.4,1.0247e+22,294768000000.0,1.046082e+18,4.7
2005-02-01,5.15,5.6275,113.6444181925576,0.0,163.343,4.3,1.02827e+22,294955000000.0,1.066848e+18,4.8
2005-03-01,5.464,5.928,114.05788541051388,0.0,165.812,4.1,1.03479e+22,295149000000.0,1.071745e+18,4.6
2005-04-01,5.4075,5.855,114.41228588304783,1.2922656e+20,167.50099999999998,4.3,1.04121e+22,295359000000.0,1.081012e+18,4.5
2005-05-01,5.28,5.72,114.3532191376255,0.0,169.35,4.2,1.04641e+22,295582000000.0,1.093341e+18,4.5
2005-06-01,5.168,5.582,114.41228588304783,0.0,171.19,4.3,1.0498e+22,295824000000.0,1.105896e+18,4.5
2005-07-01,5.2775,5.695,115.12108682811576,1.3142642e+20,172.86,4.2,1.05583e+22,296077000000.0,1.119101e+18,4.4
2005-08-01,5.4,5.82,115.82988777318369,0.0,174.44299999999998,4.5,1.06196e+22,296338000000.0,1.129163e+18,4.3
2005-09-01,5.358,5.774,117.42468989958654,0.0,176.437,4.7,1.06877e+22,296606000000.0,1.148438e+18,4.5
2005-10-01,5.625,6.065,117.60189013585351,1.3324204e+20,178.02700000000002,4.5,1.07673e+22,296857000000.0,1.160831e+18,4.4
2005-11-01,5.8625,6.33,117.01122268163023,0.0,179.68,5.0,1.08154e+22,297089000000.0,1.17209e+18,4.4
2005-12-01,5.816,6.272,117.01122268163023,0.0,180.909,4.9,1.08531e+22,297311000000.0,1.184677e+18,4.3
2006-01-01,5.71,6.145,117.66095688127582,1.359916e+20,182.32,5.3,1.10386e+22,297526000000.0,1.195642e+18,4.2
2006-02-01,5.86,6.2525,117.77909037212049,0.0,183.287,6.1,1.11026e+22,297734000000.0,1.205639e+18,4.2
2006-03-01,5.968,6.324,117.95629060838746,0.0,184.364,5.9,1.11718e+22,297950000000.0,1.205169e+18,4.1
2006-04-01,6.155,6.5075,118.48789131718841,1.3753424e+20,184.329,6.3,1.12295e+22,298170000000.0,1.193296e+18,4.2
2006-05-01,6.205,6.5975,118.96042528056704,0.0,184.156,6.2,1.12511e+22,298401000000.0,1.180581e+18,4.1
2006-06-01,6.306,6.682,119.25575900767868,0.0,183.507,6.3,1.12928e+22,298653000000.0,1.172128e+18,4.1
2006-07-01,6.39,6.7625,119.84642646190194,1.3870188e+20,183.066,7.3,1.13221e+22,298910000000.0,1.157926e+18,4.2
2006-08-01,6.198,6.524,120.31896042528055,0.0,182.594,6.7,1.13468e+22,299178000000.0,1.145907e+18,4.1
2006-09-01,6.0775,6.4025,119.84642646190194,0.0,182.797,6.7,1.13839e+22,299452000000.0,1.135753e+18,3.9
2006-10-01,6.05,6.3575,119.19669226225635,1.403956e+20,183.198,7.3,1.14178e+22,299710000000.0,1.122914e+18,3.9
2006-11-01,5.956,6.24,119.314825753101,0.0,183.608,6.6,1.14793e+22,299950000000.0,1.121749e+18,4.0
2006-12-01,5.88,6.135,119.9645599527466,0.0,184.138,6.5,1.15876e+22,300178000000.0,1.135406e+18,3.9
2007-01-01,5.965,6.2175,120.14176018901358,1.4215651e+20,184.517,7.2,1.16471e+22,300398000000.0,1.137917e+18,4.1
2007-02-01,6.02,6.285,120.67336089781453,0.0,184.598,7.9,1.17342e+22,300608000000.0,1.139032e+18,4.0
2007-03-01,5.884,6.156,121.2640283520378,0.0,184.15,7.9,1.18214e+22,300823000000.0,1.146624e+18,3.9
2007-04-01,5.8825,6.18,121.6774955699941,1.4402082e+20,183.01,7.4,1.18681e+22,301045000000.0,1.15059e+18,3.9
2007-05-01,5.968,6.262,122.20909627879503,0.0,181.6,7.8,1.19087e+22,301278000000.0,1.161581e+18,3.9
2007-06-01,6.34,6.6575,122.38629651506201,0.0,180.253,8.2,1.19292e+22,301528000000.0,1.163511e+18,4.0
2007-07-01,6.36,6.695,122.68163024217364,1.4564117e+20,179.11,8.3,1.19557e+22,301790000000.0,1.155448e+18,4.2
2007-08-01,6.234,6.572,122.68163024217364,0.0,178.116,9.2,1.19631e+22,302064000000.0,1.159077e+18,4.1
2007-09-01,6.0475,6.3825,123.15416420555226,0.0,177.55700000000002,9.2,1.20255e+22,302334000000.0,1.15858e+18,4.1
2007-10-01,6.04,6.375,123.50856467808623,1.4715058e+20,176.623,8.5,1.20468e+22,302590000000.0,1.152491e+18,4.2
2007-11-01,5.85,6.208,124.45363260484346,0.0,175.146,9.4,1.21028e+22,302834000000.0,1.132908e+18,4.2
2007-12-01,5.7525,6.095,124.86709982279976,0.0,174.34099999999998,9.6,1.21827e+22,303062000000.0,1.115141e+18,4.4
2008-01-01,5.288,5.758,125.33963378617837,1.4706538e+20,173.13099999999997,9.3,1.22278e+22,303280000000.0,1.111347e+18,4.4
2008-02-01,5.44,5.9175,125.63496751329001,0.0,171.54,9.7,1.22649e+22,303494000000.0,1.096648e+18,4.3
2008-03-01,5.42,5.97,126.10750147666863,0.0,170.051,10.5,1.23147e+22,303707000000.0,1.103446e+18,4.6
2008-04-01,5.465,5.9175,126.46190194920258,1.4865701e+20,168.33599999999998,10.3,1.23026e+22,303926000000.0,1.101252e+18,4.4
2008-05-01,5.6,6.036,127.17070289427053,0.0,166.658,10.7,1.28793e+22,304157000000.0,1.101547e+18,4.8
2008-06-01,5.91,6.32,128.35203780271706,0.0,165.016,10.7,1.2661e+22,304396000000.0,1.090098e+18,4.9
2008-07-01,5.972,6.426,129.41523922031894,1.4898999e+20,163.565,10.5,1.25148e+22,304646000000.0,1.086952e+18,5.1
2008-08-01,6.025,6.4775,129.23803898405197,0.0,161.987,11.3,1.2426e+22,304903000000.0,1.070075e+18,5.5
2008-09-01,5.64,6.0375,129.23803898405197,0.0,160.30700000000002,10.9,1.2445e+22,305158000000.0,1.059579e+18,5.5
2008-10-01,5.892,6.2,128.05670407560544,1.4608209e+20,158.326,11.6,1.24465e+22,305403000000.0,1.055959e+18,5.9
2008-11-01,5.79,6.0875,125.75310100413466,0.0,156.141,11.4,1.23871e+22,305620000000.0,1.035033e+18,6.2
2008-12-01,5.038,5.286,124.80803307737743,0.0,153.618,11.2,1.22385e+22,305827000000.0,9.99139e+17,6.7
2009-01-01,4.7175,5.0475,125.22150029533373,1.4430902e+20,151.506,12.2,1.21256e+22,306035000000.0,9.75099e+17,7.2
2009-02-01,4.7725,5.13,125.75310100413466,0.0,150.014,10.5,1.20074e+22,306237000000.0,9.71708e+17,7.7
2009-03-01,4.6375,5.0025,125.57590076786768,0.0,148.659,11.0,1.19653e+22,306438000000.0,9.63793e+17,8.1
2009-04-01,4.5,4.81,125.69403425871235,1.4381236e+20,147.94799999999998,10.7,1.20094e+22,306645000000.0,9.32482e+17,8.4
2009-05-01,4.515,4.8575,125.87123449497932,0.0,147.69299999999998,9.3,1.21796e+22,306863000000.0,9.2002e+17,8.7
2009-06-01,4.9025,5.42,126.75723567631422,0.0,148.089,8.5,1.20429e+22,307090000000.0,9.1253e+17,8.8
2009-07-01,4.692,5.222,126.8753691671589,1.4448882e+20,148.408,7.9,1.19984e+22,307322000000.0,9.11438e+17,8.8
2009-08-01,4.6125,5.1925,127.3479031305375,0.0,148.27700000000002,7.5,1.20112e+22,307570000000.0,9.00112e+17,8.9
2009-09-01,4.4925,5.0575,127.52510336680449,0.0,148.024,7.8,1.20611e+22,307826000000.0,8.87241e+17,9.1
2009-10-01,4.39,4.952,127.82043709391613,1.4651249e+20,147.849,7.4,1.20694e+22,308071000000.0,8.71391e+17,9.3
2009-11-01,4.3425,4.875,128.11577082102775,0.0,148.135,7.6,1.21296e+22,308289000000.0,8.58493e+17,9.2
2009-12-01,4.392,4.93,128.29297105729472,0.0,147.929,8.0,1.21882e+22,308495000000.0,8.42609e+17,9.2
2010-01-01,4.435,5.03,128.52923803898403,1.476461e+20,147.39600000000002,8.1,1.22677e+22,308706000000.0,8.22114e+17,9.1
2010-02-01,4.3675,4.99,128.52923803898403,0.0,145.632,8.3,1.22676e+22,308904000000.0,8.14885e+17,9.2
2010-03-01,4.33,4.9675,128.58830478440638,0.0,145.858,7.1,1.23309e+22,309095000000.0,8.21849e+17,9.2
2010-04-01,4.418,5.098,128.52923803898403,1.4980193e+20,146.403,6.2,1.24418e+22,309289000000.0,8.29664e+17,9.3
2010-05-01,4.2775,4.8875,128.29297105729472,0.0,146.394,9.3,1.25437e+22,309485000000.0,8.23447e+17,9.0
2010-06-01,4.175,4.7375,128.11577082102775,0.0,145.72,8.3,1.25507e+22,309691000000.0,8.21943e+17,8.8
2010-07-01,4.04,4.564,128.52923803898403,1.5141607e+20,144.99,8.9,1.25887e+22,309913000000.0,7.99694e+17,8.8
2010-08-01,3.9075,4.4275,128.883638511518,0.0,143.914,8.8,1.26529e+22,310146000000.0,8.0203e+17,8.9
2010-09-01,3.81,4.346,129.00177200236266,0.0,143.018,7.6,1.26734e+22,310385000000.0,8.07728e+17,8.8
2010-10-01,3.66,4.225,129.2971057294743,1.5309474e+20,142.528,8.2,1.27236e+22,310612000000.0,8.01372e+17,8.7
2010-11-01,3.6825,4.3,129.41523922031894,0.0,142.16899999999998,8.2,1.27655e+22,310820000000.0,8.04151e+17,9.2
2010-12-01,4.058,4.714,130.1240401653869,0.0,142.056,7.0,1.28731e+22,311020000000.0,7.89395e+17,8.7
2011-01-01,4.0875,4.755,130.5965741287655,1.5351448e+20,141.518,7.3,1.30807e+22,311204000000.0,7.59964e+17,8.5
2011-02-01,4.215,4.9525,131.30537507383343,0.0,140.346,8.1,1.31556e+22,311373000000.0,7.58376e+17,8.4
2011-03-01,4.08,4.836,132.01417601890134,0.0,139.977,7.2,1.31782e+22,311551000000.0,7.69157e+17,8.4
2011-04-01,4.055,4.84,132.5457767277023,1.5557539e+20,140.00799999999998,6.7,1.32128e+22,311740000000.0,7.69437e+17,8.5
2011-05-01,3.8225,4.6375,132.78204370939162,0.0,139.904,6.6,1.32391e+22,311935000000.0,7.75251e+17,8.5
2011-06-01,3.694,4.51,132.48670998228,0.0,139.861,6.6,1.32957e+22,312147000000.0,7.94839e+17,8.5
2011-07-01,3.68,4.545,133.13644418192558,1.564768e+20,139.73,6.7,1.33758e+22,312372000000.0,7.92381e+17,8.4
2011-08-01,3.46,4.27,133.66804489072652,0.0,139.308,6.5,1.34003e+22,312605000000.0,8.11953e+17,8.4
2011-09-01,3.318,4.106,134.0815121086828,0.0,138.668,6.3,1.34015e+22,312842000000.0,8.1366e+17,8.4
2011-10-01,3.3475,4.0675,133.96337861783815,1.5842259e+20,137.951,6.0,1.34064e+22,313060000000.0,8.08378e+17,8.2
2011-11-01,3.305,3.9925,133.9043118724158,0.0,137.151,5.7,1.34197e+22,313260000000.0,8.1205e+17,8.0
2011-12-01,3.246,3.958,133.9043118724158,0.0,136.673,5.3,1.35489e+22,313454000000.0,8.21367e+17,7.9
2012-01-01,3.2,3.915,134.37684583579446,1.6068805e+20,136.607,5.3,1.36316e+22,313636000000.0,8.3061e+17,7.7
2012-02-01,3.1625,3.89,134.9084465445954,0.0,136.532,4.8,1.37311e+22,313811000000.0,8.24368e+17,7.7
2012-03-01,3.198,3.954,135.32191376255167,0.0,137.903,4.9,1.37985e+22,313993000000.0,8.29288e+17,7.6
2012-04-01,3.1425,3.91,135.380980507974,1.6207115e+20,139.154,4.9,1.38681e+22,314176000000.0,8.4174e+17,7.5
2012-05-01,3.034,3.798,134.9675132900177,0.0,140.155,4.7,1.38503e+22,314368000000.0,8.50928e+17,7.5
2012-06-01,2.9525,3.675,135.02658003544005,0.0,141.03,4.8,1.38371e+22,314576000000.0,8.58009e+17,7.6
2012-07-01,2.845,3.55,135.08564678086236,1.6319541e+20,141.67,4.6,1.37529e+22,314796000000.0,8.58934e+17,7.6
2012-08-01,2.86,3.602,135.91258121677495,0.0,142.28,4.6,1.37685e+22,315031000000.0,8.62726e+17,7.4
2012-09-01,2.8025,3.4975,136.6804489072652,0.0,142.907,4.5,1.39141e+22,315264000000.0,8.66588e+17,7.2
2012-10-01,2.6925,3.3825,136.9167158889545,1.6420419e+20,143.599,4.9,1.40492e+22,315485000000.0,8.75366e+17,7.2
2012-11-01,2.662,3.352,136.4441819255759,0.0,144.583,4.6,1.42307e+22,315692000000.0,8.72052e+17,7.1
2012-12-01,2.6575,3.345,136.4441819255759,0.0,145.5,4.5,1.45814e+22,315877000000.0,8.71809e+17,7.3
2013-01-01,2.696,3.414,136.56231541642055,1.6648189e+20,146.82399999999998,4.0,1.38804e+22,316038000000.0,8.62722e+17,7.4
2013-02-01,2.7675,3.5325,137.5073833431778,0.0,147.781,4.1,1.3902e+22,316191000000.0,8.73583e+17,7.0
2013-03-01,2.7575,3.565,137.21204961606617,0.0,149.96,4.2,1.39322e+22,316357000000.0,8.6451e+17,6.9
2013-04-01,2.66,3.445,136.73951565268754,1.6728687e+20,151.516,4.4,1.39749e+22,316535000000.0,8.79728e+17,6.9
2013-05-01,2.722,3.536,136.9167158889545,0.0,152.84799999999998,4.6,1.40525e+22,316729000000.0,8.88752e+17,6.8
2013-06-01,3.1675,4.07,137.5664500886001,0.0,154.2,4.1,1.40839e+22,316934000000.0,8.99295e+17,6.9
2013-07-01,3.43,4.37,137.80271707028942,1.6953838e+20,155.605,5.5,1.4072e+22,317156000000.0,9.17756e+17,6.7
2013-08-01,3.488,4.456,137.92085056113407,0.0,156.963,5.5,1.41173e+22,317397000000.0,9.29061e+17,6.7
2013-09-01,3.5225,4.49,138.15711754282339,0.0,158.224,5.4,1.41817e+22,317635000000.0,9.38121e+17,6.7
2013-10-01,3.274,4.192,138.09805079740107,1.7192019e+20,159.24,4.9,1.41523e+22,317864000000.0,9.51214e+17,6.6
2013-11-01,3.2975,4.255,138.15711754282339,0.0,160.07299999999998,5.0,1.42096e+22,318076000000.0,9.64122e+17,6.4
2013-12-01,3.4825,4.4575,138.57058476077967,0.0,160.993,5.2,1.42665e+22,318276000000.0,9.79211e+17,6.2
2014-01-01,3.48,4.432,138.74778499704667,1.7197738e+20,161.924,5.1,1.43692e+22,318464000000.0,9.86587e+17,6.1
2014-02-01,3.35,4.3025,138.92498523331363,0.0,162.523,5.3,1.44564e+22,318642000000.0,9.87538e+17,6.1
2014-03-01,3.36,4.3425,139.16125221500295,0.0,163.083,5.6,1.4555e+22,318827000000.0,9.91157e+17,6.1
2014-04-01,3.3925,4.3375,139.57471943295926,1.7518508000000003e+20,163.39,5.7,1.46245e+22,319020000000.0,1.006901e+18,5.8
2014-05-01,3.29,4.192,140.04725339633785,0.0,163.657,5.2,1.46895e+22,319225000000.0,1.007147e+18,5.8
2014-06-01,3.265,4.1625,140.40165386887182,0.0,164.06400000000002,5.7,1.47601e+22,319438000000.0,1.006424e+18,5.5
2014-07-01,3.236,4.13,140.51978735971647,1.7804228e+20,164.585,6.2,1.48211e+22,319670000000.0,1.014935e+18,5.6
2014-08-01,3.2475,4.115,140.22445363260485,0.0,165.213,5.4,1.48942e+22,319919000000.0,1.015096e+18,5.7
2014-09-01,3.3075,4.1625,140.34258712344948,0.0,165.903,5.4,1.49512e+22,320166000000.0,1.02189e+18,5.4
2014-10-01,3.21,4.036,140.34258712344948,1.7912079e+20,166.64,5.3,1.50227e+22,320403000000.0,1.046402e+18,5.2
2014-11-01,3.1875,3.9975,139.98818665091554,0.0,167.332,5.7,1.5094e+22,320616000000.0,1.044893e+18,5.4
2014-12-01,3.128,3.864,139.45658594211457,0.0,168.049,5.1,1.51709e+22,320815000000.0,1.056429e+18,5.1
2015-01-01,2.985,3.67,138.629651506202,1.8063529e+20,168.62900000000002,4.8,1.52308e+22,320997000000.0,1.061241e+18,5.2
2015-02-01,3.0075,3.71,138.92498523331363,0.0,169.125,4.5,1.53133e+22,321164000000.0,1.072895e+18,5.1
2015-03-01,3.04,3.77,139.22031896042526,0.0,169.796,5.1,1.53142e+22,321344000000.0,1.086748e+18,5.0
2015-04-01,2.942,3.672,139.39751919669226,1.8279784e+20,170.294,4.9,1.53735e+22,321538000000.0,1.115619e+18,5.0
2015-05-01,3.0625,3.84,139.98818665091554,0.0,170.877,5.0,1.54427e+22,321740000000.0,1.135433e+18,5.1
2015-06-01,3.1925,3.9825,140.46072061429416,0.0,171.47400000000002,5.4,1.5479e+22,321954000000.0,1.158193e+18,4.8
2015-07-01,3.214,4.046,140.63792085056113,1.8401626e+20,172.14700000000002,5.2,1.55186e+22,322186000000.0,1.154561e+18,4.8
2015-08-01,3.1275,3.905,140.51978735971647,0.0,172.933,5.0,1.55505e+22,322427000000.0,1.164377e+18,4.6
2015-09-01,3.095,3.89,140.34258712344948,0.0,173.826,5.9,1.55705e+22,322670000000.0,1.163937e+18,4.6
2015-10-01,3.01,3.796,140.5788541051388,1.8435137e+20,174.78900000000002,5.6,1.5608e+22,322901000000.0,1.151533e+18,4.6
2015-11-01,3.1625,3.9425,140.63792085056113,0.0,175.735,5.5,1.56154e+22,323113000000.0,1.14551e+18,4.7
2015-12-01,3.206,3.964,140.46072061429416,0.0,176.54,5.1,1.56684e+22,323318000000.0,1.156354e+18,4.6
2016-01-01,3.155,3.8725,140.63792085056113,1.8525933e+20,177.265,5.6,1.56955e+22,323509000000.0,1.160988e+18,4.4
2016-02-01,2.96,3.66,140.40165386887182,0.0,177.643,5.5,1.56959e+22,323687000000.0,1.172851e+18,4.4
2016-03-01,2.966,3.694,140.51978735971647,0.0,178.15900000000002,5.5,1.57316e+22,323871000000.0,1.188776e+18,4.6
2016-04-01,2.87,3.605,141.11045481393975,1.8711702e+20,178.76,5.0,1.57589e+22,324061000000.0,1.185902e+18,4.6
2016-05-01,2.8425,3.6,141.40578854105138,0.0,179.423,5.1,1.57772e+22,324260000000.0,1.190685e+18,4.4
2016-06-01,2.842,3.568,141.70112226816303,0.0,180.08700000000002,5.3,1.58214e+22,324476000000.0,1.217604e+18,4.5
2016-07-01,2.7475,3.44,141.6420555227407,1.8892639e+20,180.85,4.5,1.58915e+22,324697000000.0,1.214532e+18,4.4
2016-08-01,2.745,3.435,141.93738924985234,0.0,181.843,5.0,1.59313e+22,324924000000.0,1.22125e+18,4.5
2016-09-01,2.756,3.46,142.35085646780863,0.0,182.818,5.2,1.59991e+22,325155000000.0,1.232438e+18,4.5
2016-10-01,2.7625,3.47,142.88245717660956,1.9089379e+20,183.746,5.2,1.60594e+22,325368000000.0,1.2411e+18,4.5
2016-11-01,3.0275,3.77,143.11872415829887,0.0,184.754,5.2,1.61076e+22,325562000000.0,1.264881e+18,4.3
2016-12-01,3.428,4.198,143.53219137625516,0.0,185.717,5.4,1.61825e+22,325742000000.0,1.270443e+18,4.3
2017-01-01,3.3875,4.15,144.2409923213231,1.9280084e+20,186.793,5.4,1.62933e+22,325901000000.0,1.254583e+18,4.3
2017-02-01,3.38,4.1675,144.41819255759006,0.0,187.308,5.3,1.63635e+22,326050000000.0,1.275911e+18,4.2
2017-03-01,3.414,4.196,144.00472533963378,0.0,187.988,5.0,1.6415099999999998e+22,326207000000.0,1.272724e+18,4.1
2017-04-01,3.3,4.045,140.28352037802716,1.9438643e+20,188.72,5.4,1.6476e+22,326371000000.0,1.269079e+18,4.0
2017-05-01,3.255,4.01,144.00472533963378,0.0,189.611,5.1,1.65732e+22,326548000000.0,1.282926e+18,4.0
2017-06-01,3.174,3.904,144.00472533963378,0.0,190.516,5.3,1.6604e+22,326743000000.0,1.277352e+18,3.9
2017-07-01,3.235,3.9675,144.12285883047844,1.9692595e+20,191.471,5.8,1.6665900000000002e+22,326939000000.0,1.275888e+18,4.0
2017-08-01,3.16,3.88,144.71352628470171,0.0,192.656,6.1,1.67337e+22,327140000000.0,1.274974e+18,4.0
2017-09-01,3.105,3.805,145.54046072061428,0.0,193.754,5.3,1.6841900000000002e+22,327342000000.0,1.281172e+18,3.9
2017-10-01,3.2,3.895,145.65859421145893,2.0037088e+20,194.801,5.5,1.69308e+22,327528000000.0,1.283266e+18,3.8
2017-11-01,3.288,3.922,146.2492616656822,0.0,195.946,4.8,1.69975e+22,327699000000.0,1.308896e+18,3.8
2017-12-01,3.385,3.95,146.48552864737152,0.0,197.16,5.6,1.70582e+22,327848000000.0,1.313666e+18,3.8
2018-01-01,3.4825,4.0325,147.19432959243943,2.0328553e+20,198.292,6.0,1.71417e+22,327969000000.0,1.336469e+18,3.7
2018-02-01,3.785,4.33,147.43059657412874,0.0,199.216,5.7,1.7204099999999998e+22,328085000000.0,1.355105e+18,3.7
2018-03-01,3.91,4.444,147.37152982870643,0.0,199.961,5.2,1.72682e+22,328219000000.0,1.344968e+18,3.7
2018-04-01,3.925,4.4675,147.66686355581805,2.0580912e+20,200.662,5.6,1.73287e+22,328364000000.0,1.355101e+18,3.7
2018-05-01,4.066,4.586,147.9621972829297,0.0,201.426,5.5,1.7404400000000003e+22,328521000000.0,1.362364e+18,3.5
2018-06-01,4.04,4.57,148.19846426461902,0.0,202.241,5.8,1.7488400000000002e+22,328692000000.0,1.343214e+18,3.6
2018-07-01,4.0075,4.5275,148.43473124630833,2.079873e+20,202.931,6.0,1.7587599999999997e+22,328863000000.0,1.336631e+18,3.5
2018-08-01,4.018,4.55,148.73006497341996,0.0,203.679,6.5,1.7664e+22,329040000000.0,1.340449e+18,3.5
2018-09-01,4.08,4.6275,148.8481984642646,0.0,204.343,6.6,1.76935e+22,329216000000.0,1.326111e+18,3.4
2018-10-01,4.2475,4.83,149.32073242764324,2.0917866999999998e+20,205.106,7.2,1.77498e+22,329379000000.0,1.310946e+18,3.5
2018-11-01,4.282,4.866,149.37979917306555,0.0,205.665,6.4,1.77957e+22,329527000000.0,1.300694e+18,3.4
2018-12-01,4.09,4.6375,149.2616656822209,0.0,206.143,7.6,1.80124e+22,329659000000.0,1.28993e+18,3.6
2019-01-01,3.906,4.464,149.2616656822209,2.1104133000000002e+20,206.479,7.0,1.80539e+22,329766000000.0,1.296049e+18,3.6
2019-02-01,3.8,4.37,149.4979326639102,0.0,206.851,6.4,1.81514e+22,329862000000.0,1.31204e+18,3.4
2019-03-01,3.7175,4.265,150.08860011813348,0.0,207.075,5.7,1.82295e+22,329977000000.0,1.322532e+18,3.5
2019-04-01,3.605,4.1425,150.62020082693442,2.1384775e+20,207.526,5.8,1.82621e+22,330103000000.0,1.353657e+18,3.3
2019-05-01,3.534,4.072,150.73833431777908,0.0,208.154,6.7,1.8277e+22,330240000000.0,1.364421e+18,3.3
2019-06-01,3.2375,3.8025,150.79740106320142,0.0,208.657,5.2,1.83105e+22,330393000000.0,1.383309e+18,3.3
2019-07-01,3.2025,3.765,151.32900177200236,2.1694282e+20,209.284,5.9,1.83286e+22,330553000000.0,1.410749e+18,3.4
2019-08-01,3.082,3.616,151.3880685174247,0.0,210.085,5.4,1.84236e+22,330729000000.0,1.426091e+18,3.3
2019-09-01,3.115,3.605,151.44713526284698,0.0,210.894,5.4,1.84744e+22,330904000000.0,1.438119e+18,3.2
2019-10-01,3.142,3.688,151.97873597164795,2.190239e+20,211.788,5.3,1.85495e+22,331066000000.0,1.44215e+18,3.3
2019-11-01,3.1575,3.695,152.33313644418192,0.0,212.801,5.4,1.86307e+22,331213000000.0,1.463036e+18,3.2
2019-12-01,3.1775,3.72,152.68753691671589,0.0,213.941,5.6,1.85838e+22,331345000000.0,1.466415e+18,3.2
2020-01-01,3.072,3.624,152.86473715298288,2.1706513e+20,214.868,5.7,1.88215e+22,331443000000.0,1.494117e+18,3.2
2020-02-01,2.97,3.465,153.04193738924985,0.0,215.878,5.6,1.89256e+22,331525000000.0,1.50179e+18,3.2
2020-03-01,2.885,3.45,152.39220318960426,0.0,216.429,6.5,1.85774e+22,331642000000.0,1.506335e+18,4.1
2020-04-01,2.804,3.306,151.1518015357354,1.9913143e+20,216.822,6.9,2.07509e+22,331699000000.0,1.460471e+18,14.2
2020-05-01,2.6925,3.2325,151.09273479031305,0.0,216.995,5.4,1.98772e+22,331701000000.0,1.452086e+18,12.6
2020-06-01,2.6025,3.1625,151.9196692262256,0.0,217.601,3.8,1.99209e+22,331744000000.0,1.459188e+18,10.6
2020-07-01,2.52,3.016,152.80567040756054,2.164764e+20,219.343,3.4,2.01915e+22,331811000000.0,1.470971e+18,9.9
2020-08-01,2.475,2.935,153.3963378617838,0.0,222.381,3.3,1.95942e+22,331885000000.0,1.48964e+18,8.1
2020-09-01,2.385,2.89,153.69167158889545,0.0,225.817,3.4,1.97449e+22,331966000000.0,1.510182e+18,7.5
2020-10-01,2.346,2.834,153.7507383343178,2.2024502e+20,229.748,3.3,1.97585e+22,332041000000.0,1.5349e+18,6.6
2020-11-01,2.305,2.765,154.0460720614294,0.0,233.282,4.0,1.96104e+22,332079000000.0,1.550976e+18,6.4
2020-12-01,2.218,2.684,154.6367395156527,0.0,236.549,4.1,1.97752e+22,332062000000.0,1.57276e+18,6.4
2021-01-01,2.2,2.735,154.87300649734198,2.2600185e+20,239.322,4.0,2.17609e+22,332007000000.0,1.606561e+18,6.0
2021-02-01,2.2375,2.81,155.46367395156526,0.0,242.408,4.9,2.0254e+22,331983000000.0,1.585044e+18,5.9
2021-03-01,2.3925,3.0825,156.4087418783225,0.0,245.51,4.4,2.44718e+22,332023000000.0,1.613045e+18,5.8
2021-04-01,2.364,3.06,157.59007678676906,2.3292362e+20,249.067,4.7,2.13042e+22,332089000000.0,1.615638e+18,5.9
2021-05-01,2.28,2.9625,158.65327820437093,0.0,253.417,5.6,2.08997e+22,332161000000.0,1.628281e+18,5.6
2021-06-01,2.27,2.975,160.07088009450678,0.0,258.30400000000003,5.8,2.09343e+22,332249000000.0,1.639779e+18,5.7
2021-07-01,2.18,2.868,160.83874778499705,2.3828973e+20,262.723,5.7,2.11565e+22,332375000000.0,1.658346e+18,5.2
2021-08-01,2.145,2.8425,161.25221500295333,0.0,266.814,6.5,2.12073e+22,332506000000.0,1.666756e+18,4.9
2021-09-01,2.184,2.9,161.25221500295333,0.0,270.326,6.0,2.10512e+22,332610000000.0,1.667332e+18,4.5
2021-10-01,2.3075,3.0675,163.43768458357943,2.4654603e+20,273.718,6.8,2.12014e+22,332708000000.0,1.685243e+18,4.2
2021-11-01,2.3575,3.0675,164.7371529828706,0.0,277.38,6.0,2.12977e+22,332806000000.0,1.726586e+18,3.9
2021-12-01,2.348,3.098,165.5050206733609,0.0,281.494,5.6,2.13529e+22,332891000000.0,1.754426e+18,3.6
2022-01-01,2.66,3.445,166.50915534554045,2.5029116e+20,285.536,5.8,2.12948e+22,332933000000.0,1.79646e+18,3.7
2022-02-01,2.9975,3.7625,167.86769049025398,0.0,291.214,6.2,2.14262e+22,332972000000.0,1.823728e+18,3.6
2022-03-01,3.39,4.172,169.9350265800354,0.0,296.493,7.0,2.15105e+22,333067000000.0,1.849637e+18,3.4
2022-04-01,4.215,4.9825,170.5256940342587,2.5544273e+20,300.532,8.5,2.15813e+22,333191000000.0,1.882753e+18,3.4
2022-05-01,4.435,5.23,172.17956290608387,0.0,303.737,8.3,2.16571e+22,333317000000.0,1.880896e+18,3.4
2022-06-01,4.652,5.522,174.4240992321323,0.0,304.603,9.5,2.17407e+22,333451000000.0,1.873184e+18,3.4
2022-07-01,4.6125,5.4125,174.4240992321323,2.5994639e+20,303.723,10.1,2.19105e+22,333599000000.0,1.869262e+18,3.2
2022-08-01,4.5625,5.2225,174.6012994683993,0.0,301.41700000000003,8.7,2.20243e+22,333762000000.0,1.847285e+18,3.4
2022-09-01,5.35,6.112,175.3101004134672,0.0,299.271,9.7,2.21215e+22,333925000000.0,1.83693e+18,3.2
2022-10-01,6.145,6.9,176.0779681039575,2.6408405e+20,298.876,9.7,2.22422e+22,334071000000.0,1.830477e+18,3.3
2022-11-01,6.1375,6.805,176.19610159480212,0.0,298.538,9.4,2.22677e+22,334206000000.0,1.842206e+18,3.3
2022-12-01,5.668,6.364,176.0779681039575,0.0,297.666,8.5,2.23123e+22,334326000000.0,1.840896e+18,3.2
2023-01-01,5.425,6.2725,177.49556999409333,2.6813601e+20,296.583,8.1,2.25253e+22,334433000000.0,1.882199e+18,3.2
2023-02-01,5.415,6.2575,178.14530419373892,0.0,297.632,8.4,2.26484e+22,334544000000.0,1.889562e+18,3.3
2023-03-01,5.796,6.544,178.26343768458358,0.0,298.73900000000003,8.1,2.27579e+22,334664000000.0,1.901401e+18,3.3
2023-04-01,5.6625,6.3425,178.91317188422914,2.7063012e+20,300.201,7.6,2.28061e+22,334792000000.0,1.907837e+18,3.2
2023-05-01,5.8075,6.425,179.14943886591848,0.0,302.496,7.2,2.28766e+22,334929000000.0,1.946733e+18,3.4
2023-06-01,6.088,6.714,179.4447725930301,0.0,304.467,7.5,2.29214e+22,335080000000.0,1.956226e+18,3.3
2023-07-01,6.1775,6.84,179.74010632014176,2.7610128e+20,306.643,7.1,2.29864e+22,335248000000.0,1.969005e+18,3.2
2023-08-01,6.43,7.072,180.9214412285883,0.0,309.236,7.9,2.30945e+22,335431000000.0,2.010143e+18,3.4
2023-09-01,6.5725,7.2,181.63024217365623,0.0,311.195,7.5,2.31762e+22,335612000000.0,2.01751e+18,3.5
2023-10-01,6.905,7.62,181.68930891907857,2.7944627e+20,312.882,7.9,2.3227e+22,335773000000.0,2.058903e+18,3.5
2023-11-01,6.766,7.442,181.8665091553455,0.0,313.648,8.9,2.33068e+22,335925000000.0,2.082923e+18,3.4
2023-12-01,6.1375,6.815,182.4571766095688,0.0,314.259,8.3,2.33817e+22,336070000000.0,2.105791e+18,3.4
2024-01-01,5.87,6.6425,182.9297105729474,0.0,0.0,8.3,2.36154e+22,336194000000.0,2.102434e+18,3.4
2024-02-01,6.102,6.776,183.75664500886,0.0,0.0,0.0,0.0,0.0,0.0,3.5
2024-03-01,0.0,0.0,0.0,0.0,0.0,0.0,0.0,0.0,0.0,0.0
