DATE,Mortgage_15yr,Mortgage_30yr,Consumer price index,Gross Domestic Product,Monthly_supply_houses,Personal_income,Population,Total_construction,Unemployment_rate,Home_price_index
1993-01-01,0.805676528007208,0.8149370586429228,0.0,-1.5276382051631494,-0.1570447915900497,-1.4731768664650127,0.0,-1.6187888381819144,0.3,76.78399999999999
1993-02-01,0.7546178104820542,0.7673472520724594,0.0019292604501606192,-1.5224459398103773,-0.21274540732642233,-1.4657273931701518,0.0031379506666491253,-1.6039577408704817,0.29090909090909095,76.837
1993-03-01,0.7275867247334433,0.7385630948725821,0.003215434083601365,-1.5172536744576053,-0.1570447915900497,-1.4663866385944757,0.006408304315013158,-1.617820735042494,0.2818181818181818,76.867
1993-04-01,0.7230815437753415,0.7350322382560639,0.006430868167202619,-1.5120614091048328,-0.5469491017446564,-1.453904925227275,0.009903743032293022,-1.5843589632078603,0.29090909090909095,76.936
1993-05-01,0.7182009310707311,0.7339576297206016,0.009003215434083556,-1.5072820817150054,-0.21274540732642233,-1.450366974783403,0.013544825029459862,-1.5856548254038867,0.2818181818181818,77.03699999999999
1993-06-01,0.7163237723381888,0.7266656432299663,0.009646302250803873,-1.5025027543251785,-0.2684460230627945,-1.4514657171572762,0.017344790604684412,-1.5515162918134826,0.2818181818181818,77.242
1993-07-01,0.6867397507133202,0.6941971139085048,0.010932475884244397,-1.4977234269353514,-0.21274540732642233,-1.4454885586434054,0.02134336065248199,-1.5414285964046015,0.27272727272727276,77.429
1993-08-01,0.6731491214897132,0.6798434141848326,0.012861736334405127,-1.4891236557848866,-0.10134417585367751,-1.4406760670458405,0.02539489189296562,-1.5173838278352378,0.2636363636363636,77.613
1993-09-01,0.6449917405015768,0.6495241019342952,0.014147909967845651,-1.480523884634422,-0.4355478702719115,-1.4421923315217857,0.029340500748076703,-1.4997728481548116,0.2636363636363636,77.795
1993-10-01,0.6350803423937526,0.6370893460239482,0.01800643086816711,-1.4719241134839571,-0.37984725453553936,-1.4435108223704336,0.033034543937929595,-1.5133505705553332,0.2636363636363636,77.942
1993-11-01,0.6821594834059166,0.6863678231501382,0.02057877813504816,-1.4652662809328443,-0.4912484860082842,-1.4379511859586347,0.036424060269837355,-1.4432131672476765,0.24545454545454543,78.149
1993-12-01,0.6813335335635979,0.6889775867362602,0.022508038585209,-1.4586084483817319,-0.6583503332174012,-1.3941333400885676,0.039681173620029764,-1.3909659457797774,0.24545454545454543,78.32600000000001
1994-01-01,0.663763327827001,0.6717838501688669,0.022508038585209,-1.4519506158306192,0.12145828709181215,-1.4193604649926983,0.042660240708620734,-1.4511643591764576,0.24545454545454543,78.59100000000001
1994-02-01,0.6772788707013064,0.685984034387473,0.025080385852089937,-1.4433744280695904,-0.37984725453553936,-1.4151852439719799,0.045520145113667976,-1.4515224662938608,0.24545454545454543,78.727
1994-03-01,0.7564949692145966,0.7661958857844642,0.027652733118970985,-1.434798240308561,-0.4912484860082842,-1.4082851418640554,0.04888318084923293,-1.4277174474047925,0.23636363636363628,78.85600000000001
1994-04-01,0.8492266106021924,0.8645993245317778,0.02829581993569119,-1.4262220525475322,-0.2684460230627945,-1.3948585100553237,0.05236537926834117,-1.4064040043071473,0.2181818181818181,78.987
1994-05-01,0.8908995344646342,0.9078139392078599,0.030225080385852032,-1.4207250976426042,-0.21274540732642233,-1.390331691474966,0.055807856792934984,-1.3934605563772804,0.19090909090909086,79.222
1994-06-01,0.8657456074485657,0.8771108381946577,0.03279742765273308,-1.4152281427376765,0.28856013430092914,-1.388925301236408,0.059515140280959056,-1.3817158568488899,0.2,79.423
1994-07-01,0.8960804925664512,0.9103469450414492,0.036012861736334334,-1.4097311878327485,0.34426075003730133,-1.3825745703154204,0.06330186555801243,-1.378577867362493,0.2,79.595
1994-08-01,0.8822646042949389,0.8947651212772487,0.039871382636656016,-1.4016166073563532,0.2328595185645565,-1.3776741793279454,0.06715479232592303,-1.3763685285364806,0.2,79.781
1994-09-01,0.899083946538519,0.9143383481731655,0.04180064308681675,-1.393502026879958,0.17715890282818433,-1.3704664293553366,0.07096799819931965,-1.3755946529861605,0.18181818181818182,79.919
1994-10-01,0.9374530710316862,0.9580902671169789,0.042443729903537064,-1.3853874464035627,-0.045643560117305346,-1.3564464766647133,0.07455611900379999,-1.3905926646319757,0.17272727272727267,80.065
1994-11-01,0.979125994894128,0.9957015658581516,0.04501607717041811,-1.3810104085210628,0.34426075003730133,-1.3542270170694892,0.07787943384485008,-1.3727571093016526,0.16363636363636364,80.15
1994-12-01,0.9999999999999998,1.0,0.04694533762057873,-1.376633370638563,0.5113625972464183,-1.3470412419443576,0.0810968263005285,-1.364733082026959,0.1454545454545454,80.297
1995-01-01,0.9986484457125693,0.9922474669941665,0.04951768488745978,-1.372256332756063,0.6227638287191631,-1.338141428715984,0.08418181577449113,-1.3582507362407465,0.15454545454545454,80.42699999999999
1995-02-01,0.9483405916804324,0.9431225053730428,0.052090032154340826,-1.368421059551099,0.901266907401025,-1.33271364138905,0.08717412316125372,-1.3767751925511589,0.13636363636363635,80.528
1995-03-01,0.8888722030334884,0.8870125882714153,0.054019292604501445,-1.3645857863461346,0.6227638287191631,-1.326780432570134,0.09037827531876008,-1.3619380256275668,0.13636363636363635,80.59899999999999
1995-04-01,0.8612404264904638,0.8652133865520417,0.05787781350482324,-1.3607505131411706,0.5670632129827909,-1.3215943685654523,0.09371483045798179,-1.360781764511206,0.16363636363636364,80.661
1995-05-01,0.805676528007208,0.8091802272029474,0.05980707395498386,-1.3540787004090626,0.34426075003730133,-1.3184299905286971,0.09711758708806117,-1.3623902117334403,0.15454545454545454,80.704
1995-06-01,0.7383991590328878,0.7494626957322688,0.0617363344051447,-1.3474068876769552,0.06575767135543949,-1.3120353099127544,0.10082487057608525,-1.3515711280593545,0.15454545454545454,80.78399999999999
1995-07-01,0.7422285628472742,0.7558335891925083,0.06302250803858533,-1.3407350749448472,-0.045643560117305346,-1.3056845789917666,0.10461159585313862,-1.3478959778968531,0.15454545454545454,80.937
1995-08-01,0.7831506232166991,0.7945962542216765,0.06495176848874584,-1.334890771337344,0.2328595185645565,-1.3006962886143818,0.10855720470825014,-1.336806796481675,0.15454545454545454,81.11
1995-09-01,0.7531160834960202,0.7602087810868896,0.06623794212218637,-1.3290464677298406,0.34426075003730133,-1.2943895073883491,0.11260873594873377,-1.3276568561514175,0.15454545454545454,81.307
1995-10-01,0.7302147469590028,0.7354927847712618,0.06881028938906741,-1.3232021641223373,0.34426075003730133,-1.2887199967391632,0.11632925973492947,-1.3242548385360877,0.1454545454545454,81.482
1995-11-01,0.7121940231265955,0.7205250230273257,0.07009646302250794,-1.3169383897570315,0.6227638287191631,-1.2842151530062826,0.11955989248877907,-1.3172353320737706,0.15454545454545454,81.619
1995-12-01,0.6894428592881812,0.6932760208781086,0.07138263665594846,-1.3106746153917257,0.39996136577367397,-1.2789851393066456,0.12244627749016912,-1.3156936505852894,0.1454545454545454,81.737
1996-01-01,0.660759873854933,0.6671783850168866,0.07652733118971033,-1.30441084102642,0.39996136577367397,-1.2710522193672802,0.1252399804043587,-1.2635405081058606,0.15454545454545454,81.834
1996-02-01,0.6630124643339839,0.6740865827448572,0.0784565916398714,-1.2936727554631853,-0.21274540732642233,-1.2570102918291797,0.12817932659843523,-1.2850451439865258,0.1454545454545454,81.954
1996-03-01,0.7462081393602642,0.7583665950260976,0.08167202572347276,-1.2829346698999509,0.28856013430092914,-1.247649006803779,0.13140995935228483,-1.265361391753673,0.1454545454545454,82.194
1996-04-01,0.7951644391049706,0.8045747620509671,0.08553054662379422,-1.2721965843367162,0.17715890282818433,-1.239540288084594,0.1347994756841926,-1.2170290701285706,0.1454545454545454,82.421
1996-05-01,0.8158882715122389,0.8268345102855388,0.08745980707395506,-1.2657573391015369,0.12145828709181215,-1.2307503490936076,0.13833463529598689,-1.1875246854218493,0.15454545454545454,82.61
1996-06-01,0.8541072233068026,0.8652133865520417,0.08938906752411568,-1.2593180938663575,0.17715890282818433,-1.2210814162035226,0.14204191878401096,-1.1815643262813431,0.1272727272727272,82.75200000000001
1996-07-01,0.844345997897582,0.8536997236720907,0.09131832797427675,-1.2528788486311782,0.01005705561906732,-1.2210154916610902,0.14594780674460806,-1.1883956747667195,0.13636363636363635,82.929
1996-08-01,0.8068779095960352,0.81639545594105,0.09260450160771716,-1.244493157168195,-0.37984725453553936,-1.2149064840623545,0.1500258185814345,-1.1760743620831886,0.10909090909090907,83.086
1996-09-01,0.8420934074185311,0.8513969910961008,0.09581993569131841,-1.2361074657052116,-0.2684460230627945,-1.2065560420209176,0.15403762892740325,-1.141152848524225,0.11818181818181817,83.256
1996-10-01,0.7936627121189366,0.803039607000307,0.09903536977491967,-1.2277217742422284,-0.045643560117305346,-1.2018534246607397,0.15796999748434315,-1.1220487442525926,0.11818181818181817,83.37700000000001
1996-11-01,0.7504129749211592,0.7574455019957016,0.1022508038585207,-1.2210005735809977,-0.2684460230627945,-1.1944698759083112,0.16157135858699556,-1.124928775222216,0.13636363636363635,83.552
1996-12-01,0.7437302898333082,0.7542984341418482,0.10482315112540175,-1.2142793729197672,-0.37984725453553936,-1.1869544780710177,0.1647622704463303,-1.1696436080003307,0.13636363636363635,83.721
1997-01-01,0.7783450968613905,0.7890696960392998,0.10675241157556281,-1.2075581722585362,-0.5469491017446564,-1.1763626015868793,0.16779429872760732,-1.1619655486187215,0.1272727272727272,83.955
1997-02-01,0.7516143565099864,0.7623579981578139,0.10868167202572343,-1.197355906529517,-0.6583503332174012,-1.168429681647514,0.17085280760522714,-1.1413076236342892,0.11818181818181817,84.181
1997-03-01,0.7899083946538519,0.8003530856616516,0.10932475884244386,-1.1871536408004981,-0.8811527961628909,-1.1596617175040052,0.17414964184993442,-1.1259757833197082,0.11818181818181817,84.45200000000001
1997-04-01,0.830455023276768,0.8379643844028246,0.10996784565916407,-1.1769513750714788,-0.5469491017446564,-1.1570247358067092,0.17760535967269986,-1.1390011710137267,0.10909090909090907,84.62299999999999
1997-05-01,0.7999699654602792,0.8074915566472212,0.10996784565916407,-1.1675442811325194,-0.602649717481029,-1.1507619042756314,0.1811669998808374,-1.1129989525229644,0.09090909090909088,84.86200000000001
1997-06-01,0.7643790358912748,0.7684986183604543,0.11189710610932468,-1.1581371871935597,-0.7140509489537733,-1.1431805818959055,0.18494048485971915,-1.1079824180732412,0.09999999999999998,85.08
1997-07-01,0.7347199279171044,0.7389468836352471,0.11318327974276532,-1.1487300932546005,-0.7140509489537733,-1.1352916116514953,0.18900525639837396,-1.0745570639115636,0.08181818181818173,85.33200000000001
1997-08-01,0.7314912148971315,0.736260362296592,0.11575562700964637,-1.1419958270036548,-0.769751564690146,-1.124809609404744,0.19325539211143017,-1.067932082239606,0.08181818181818173,85.573
1997-09-01,0.7272112929869348,0.7285845870432912,0.11832797427652719,-1.135261560752709,-0.8254521804265181,-1.1163053434309647,0.19733340394825705,-1.0468917716891328,0.09090909090909088,85.851
1997-10-01,0.7062622015317614,0.7077064783543137,0.12025723472668826,-1.1285272945017633,-0.769751564690146,-1.1059771651165555,0.20112012922530997,-1.0266496151376174,0.08181818181818173,86.147
1997-11-01,0.6930470040546626,0.6940435984034388,0.12154340836012845,-1.1219570667296903,-0.9925540276356354,-1.0945722192757508,0.20456260674990423,-1.0554377856095327,0.0727272727272727,86.633
1997-12-01,0.6784051659408317,0.6771568928461773,0.12218649517684887,-1.1153868389576171,-0.7140509489537733,-1.0851230348604404,0.2078726812927827,-1.0605635730781247,0.09090909090909088,87.09299999999999
1998-01-01,0.6654152275116383,0.6616518268345102,0.12347266881028929,-1.1088166111855442,-0.936853411899263,-1.069982364948466,0.21095767076674576,-1.0494410087960702,0.08181818181818173,87.615
1998-02-01,0.674650848475747,0.6690973288302118,0.12347266881028929,-1.1020735256615406,-0.9925540276356354,-1.0595223375491925,0.21375137368093533,-1.0420512559920312,0.0727272727272727,88.00299999999999
1998-03-01,0.6904189818291033,0.6821461467608227,0.12347266881028929,-1.095330440137537,-0.8811527961628909,-1.049084284997396,0.21682312285672678,-0.9850424237851024,0.0727272727272727,88.44200000000001
1998-04-01,0.6960504580267306,0.6840650905741479,0.12475884244372992,-1.0885873546135334,-0.936853411899263,-1.0407997674983913,0.22025236008314897,-0.9624482925218294,0.05454545454545451,88.87899999999999
1998-05-01,0.6966511488211442,0.684679152594412,0.12733118971061097,-1.078696833855116,-0.9925540276356354,-1.0308451615910992,0.22377427939677208,-0.9625271974799012,0.045454545454545414,89.36399999999999
1998-06-01,0.6791560294338488,0.6621891311022412,0.12861736334405138,-1.068806313096699,-1.048254643372008,-1.022626568634527,0.2274286016921101,-0.8749669724687589,0.0636363636363636,89.845
1998-07-01,0.6726235170446011,0.6552041756217377,0.13118971061093243,-1.0589157923382817,-0.936853411899263,-1.0154847432043506,0.23126828816184952,-0.8951089804196445,0.0636363636363636,90.31
1998-08-01,0.670896531010662,0.6506754682222904,0.13247588424437307,-1.0476209819972875,-0.8811527961628909,-1.0068486281457065,0.23524037761330385,-0.8902047337948696,0.05454545454545451,90.786
1998-09-01,0.6393602643039493,0.619972367209088,0.13311897106109327,-1.0363261716562935,-0.8811527961628909,-1.0020361365481414,0.2391197849775577,-0.8616623826154091,0.0636363636363636,91.259
1998-10-01,0.6335786154077188,0.6180534233957629,0.13569131832797432,-1.0250313613152993,-0.936853411899263,-0.9952898583725592,0.2428403087637534,-0.8605030866929685,0.05454545454545451,91.717
1998-11-01,0.6547529659107973,0.6418483266809947,0.13697749196141473,-1.0173428497195125,-1.215356490581125,-0.9871811396533743,0.24630926688469046,-0.8608004976887779,0.05454545454545451,92.2
1998-12-01,0.637483105571407,0.6223518575376112,0.13890675241157557,-1.009654338123726,-1.048254643372008,-0.9814457044617556,0.24969878321659822,-0.8633982916929903,0.05454545454545451,92.712
1999-01-01,0.6427391500225257,0.6295670862757137,0.14083601286173597,-1.0019658265279394,-0.9925540276356354,-0.9723700924535622,0.25278377269056085,-0.8578476313732419,0.03636363636363632,93.208
1999-02-01,0.6446163087550683,0.633021185139699,0.14083601286173597,-0.994483947233497,-0.936853411899263,-0.9662610848548265,0.25548479351754994,-0.8047688730395084,0.05454545454545451,93.672
1999-03-01,0.6802823246733742,0.6687135400675468,0.14147909967845684,-0.9870020679390544,-0.8811527961628909,-0.9629648577332068,0.25851682179882696,-0.7716348602614809,0.027272727272727226,94.218
1999-04-01,0.6582069379786752,0.6496776174393613,0.14855305466237956,-0.9795201886446121,-0.9925540276356354,-0.959624680916632,0.26195929932342077,-0.7972425539618836,0.045454545454545414,94.785
1999-05-01,0.6911698453221202,0.6848326680994778,0.14919614147909976,-0.9690405404459418,-0.936853411899263,-0.9545484911493373,0.26560038132058716,-0.8015823266558366,0.03636363636363632,95.344
1999-06-01,0.7557441057215797,0.7470064476512126,0.14919614147909976,-0.9585608922472713,-0.9925540276356354,-0.9477582632788003,0.26942682749215496,-0.7657443016608075,0.045454545454545414,95.974
1999-07-01,0.7675326625619461,0.7595947190666257,0.1536977491961412,-0.948081244048601,-0.936853411899263,-0.9388145003554716,0.27339891694360974,-0.7455689108430453,0.045454545454545414,96.592
1999-08-01,0.8083045502327675,0.8072612833896222,0.15627009646302248,-0.9341309179259659,-0.936853411899263,-0.9275853532944864,0.2774239675877501,-0.7585912637309842,0.03636363636363632,97.219
1999-09-01,0.7955398708514789,0.7888394227817008,0.16077170418006437,-0.9201805918033307,-0.6583503332174012,-0.9222454653574621,0.2814092973373761,-0.7286134492758315,0.03636363636363632,97.862
1999-10-01,0.7990689292686588,0.7933681301811482,0.162700964630225,-0.9062302656806956,-0.8254521804265181,-0.908796858701253,0.2851695420180862,-0.7028054583741694,0.027272727272727226,98.523
1999-11-01,0.782399759723682,0.7757906048510899,0.1646302250803856,-0.8995661616465196,-0.769751564690146,-0.894974679637927,0.2885722986481656,-0.6381853325193845,0.027272727272727226,99.154
1999-12-01,0.8074786003904488,0.8025790604851089,0.16720257234726688,-0.8929020576123438,-0.769751564690146,-0.8760982856547834,0.2919088537873873,-0.6132028088713973,0.018181818181818132,99.844
2000-01-01,0.849602042348701,0.8483266809947805,0.17041800643086813,-0.8862379535781677,-0.769751564690146,-0.8548266332965965,0.2950468044540364,-0.6268321229752737,0.027272727272727226,100.552
2000-02-01,0.869124493167142,0.8659809640773717,0.1749196141479098,-0.8701972637570173,-0.769751564690146,-0.8414659260302975,0.29790670885908366,-0.6001349338922632,0.027272727272727226,101.339
2000-03-01,0.854032136957501,0.8529321461467607,0.18135048231511253,-0.8541565739358669,-0.769751564690146,-0.8283908917812051,0.3009784580348751,-0.5524217127074171,0.018181818181818132,102.127
2000-04-01,0.8492266106021924,0.8394995394534848,0.18070739549839254,-0.8381158841147164,-0.7140509489537733,-0.8199305755023806,0.30405020721066656,-0.5666640576393903,0.009090909090909038,102.922
2000-05-01,0.9066676678179904,0.8951489100399139,0.18263665594855294,-0.8335138567773229,-0.7140509489537733,-0.8116460580033759,0.3071351966846292,-0.5659387389863451,0.027272727272727226,103.678
2000-06-01,0.8780597687340439,0.8603008903899294,0.18906752411575567,-0.828911829439929,-0.4912484860082842,-0.7999334642978867,0.3104585115256797,-0.5950546685148664,0.018181818181818132,104.424
2000-07-01,0.8589878360114129,0.8387319619281548,0.19228295819935692,-0.8243098021025356,-0.8811527961628909,-0.7851004422505972,0.3138612681557591,-0.6303069759365159,0.027272727272727226,105.054
2000-08-01,0.8435951344045651,0.8203101013202332,0.19228295819935692,-0.8166286072369893,-0.7140509489537733,-0.7747942387836652,0.31736994717121014,-0.56491904414357,0.027272727272727226,105.768
2000-09-01,0.8197927616759271,0.8025790604851089,0.19807073954983923,-0.8089474123714432,-0.936853411899263,-0.764795683181418,0.32086538588849,-0.5376391722932595,0.018181818181818132,106.538
2000-10-01,0.7996696200630724,0.7846177463923856,0.20000000000000007,-0.8012662175058969,-0.936853411899263,-0.7572363356491698,0.32420194102771216,-0.5322675655322128,0.009090909090909038,107.383
2000-11-01,0.7917855533863942,0.776941971139085,0.2019292604501609,-0.7990132525433774,-0.8254521804265181,-0.753324812798181,0.32735313199253246,-0.5202679422931286,0.018181818181818132,108.302
2000-12-01,0.7374981228412674,0.7212158428001227,0.20450160771704173,-0.7967602875808576,-1.1596558748447525,-0.745831389808365,0.33033219908112343,-0.5461791166015,0.018181818181818132,109.14
2001-01-01,0.6750262802222555,0.6675621737795516,0.21093247588424424,-0.794507322618338,-1.048254643372008,-0.7245377626027004,0.3331391422934846,-0.537186986187386,0.03636363636363632,109.846
2001-02-01,0.6750262802222555,0.6702486951182067,0.2135048231511253,-0.7860951080082333,-1.10395525910838,-0.7168685408330648,0.3358666437168165,-0.5397119448456861,0.045454545454545414,110.501
2001-03-01,0.6552034840066074,0.6552041756217377,0.2141479099678455,-0.7776828933981285,-1.048254643372008,-0.7094849920806362,0.3387000675255205,-0.49598038923738985,0.045454545454545414,111.109
2001-04-01,0.6682685087851028,0.6744703715075222,0.21607717041800656,-0.7692706787880238,-0.9925540276356354,-0.7095948663180236,0.34163941371959705,-0.4524764440850702,0.05454545454545451,111.652
2001-05-01,0.6802823246733742,0.6848326680994778,0.22186495176848886,-0.7693347001776277,-0.936853411899263,-0.7091114196735194,0.3447111628953885,-0.43501416990254865,0.05454545454545451,112.164
2001-06-01,0.6840366421384592,0.6871354006754682,0.2244372990353697,-0.7693987215672314,-0.8254521804265181,-0.7077929288248714,0.34791531505289486,-0.411998200594199,0.0727272727272727,112.796
2001-07-01,0.6814086199128997,0.6821461467608227,0.22250803858520907,-0.7694627429568355,-0.8254521804265181,-0.7083423000118081,0.3511989089994305,-0.4279582457672753,0.0727272727272727,113.491
2001-08-01,0.6540021024177802,0.6548971446116056,0.22250803858520907,-0.7653833392080451,-0.7140509489537733,-0.7112429798788336,0.3546413865240243,-0.43708087284281577,0.09999999999999998,114.168
2001-09-01,0.6299744706412373,0.6345563401903591,0.22700964630225096,-0.7613039354592546,-0.7140509489537733,-0.7169784150704521,0.35805738345227534,-0.46758977836191373,0.10909090909090907,114.812
2001-10-01,0.5935575912299142,0.6038532391771567,0.22379421221864948,-0.7572245317104643,-0.769751564690146,-0.7143414333731563,0.36128801620612494,-0.4417059173082595,0.13636363636363635,115.31
2001-11-01,0.6008409671121788,0.6100706171323302,0.22315112540192927,-0.7491869075574908,-0.8811527961628909,-0.7148248800176605,0.36432004448740196,-0.44786657365002497,0.15454545454545454,115.857
2001-12-01,0.6603844421084246,0.6725514276941971,0.22250803858520907,-0.7411492834045171,-1.048254643372008,-0.7135942885589224,0.367206429488792,-0.4303314641215909,0.17272727272727267,116.455
2002-01-01,0.6509986484457124,0.6621891311022412,0.2244372990353697,-0.7331116592515436,-0.8254521804265181,-0.7081225515370333,0.36993393091212434,-0.40312442761719286,0.17272727272727267,117.144
2002-02-01,0.6352305150923561,0.6460700030703099,0.22636655948553053,-0.7263201657176459,-0.936853411899263,-0.7045406513982065,0.3725290293537409,-0.3919442020196243,0.17272727272727267,117.844
2002-03-01,0.6564048655954347,0.6647221369358305,0.22958199356913178,-0.7195286721837482,-0.8811527961628909,-0.7004093800724428,0.37512412779535786,-0.44592429775902503,0.17272727272727267,118.687
2002-04-01,0.6502477849526955,0.6602701872889161,0.23472668810289388,-0.7127371786498504,-0.769751564690146,-0.6895977551135296,0.37793107100771905,-0.4043808373341835,0.19090909090909086,119.61
2002-05-01,0.6209641087250337,0.6327909118821,0.2360128617363345,-0.7064278053764387,-0.936853411899263,-0.6827635775480376,0.38094985899082445,-0.4265500957463003,0.18181818181818182,120.724
2002-06-01,0.5946838864694399,0.6088424930918022,0.2366559485530545,-0.700118432103027,-0.8254521804265181,-0.6753360791006541,0.3840878096574736,-0.43916881942564073,0.18181818181818182,121.813
2002-07-01,0.5684036642138457,0.5835124347559104,0.23922829581993554,-0.6938090588296153,-0.8254521804265181,-0.6769402429665092,0.38730520211315156,-0.43810056768559075,0.18181818181818182,122.888
2002-08-01,0.534164288932272,0.553576911268038,0.24244372990353702,-0.68875313290552,-0.936853411899263,-0.6730287201155201,0.39064175725237327,-0.46274622785873254,0.17272727272727267,123.83
2002-09-01,0.5049556990539119,0.5232575990175008,0.24437299035369786,-0.683697206981425,-0.9925540276356354,-0.6682382033654326,0.39396507209342335,-0.4836074848505041,0.17272727272727267,124.78
2002-10-01,0.5038294038143865,0.5263279091188209,0.2469453376205787,-0.6786412810573297,-0.936853411899263,-0.6610963779352561,0.3971427436545869,-0.4606764901123857,0.18181818181818182,125.734
2002-11-01,0.4984231866646643,0.5194964691433834,0.24887459807073953,-0.6712790825646773,-0.936853411899263,-0.6546797224718359,0.4000291286559774,-0.44548121607139063,0.19090909090909086,126.669
2002-12-01,0.4963207688842168,0.5163494012895302,0.25080385852090037,-0.6639168840720245,-0.936853411899263,-0.6481971424659836,0.40270366888662323,-0.41141855263297866,0.2,127.623
2003-01-01,0.4743955548881213,0.4961621123733498,0.25594855305466246,-0.6565546855793721,-0.936853411899263,-0.6478015952113892,0.40532524792458346,-0.38734040119673846,0.18181818181818182,128.461
2003-02-01,0.46178104820543614,0.4848787227509979,0.26237942122186475,-0.6474978147727253,-0.6583503332174012,-0.6464611295152638,0.4078938657698572,-0.4013915533456913,0.19090909090909086,129.356
2003-03-01,0.43850427992191016,0.4699109610070617,0.2643086816720258,-0.6384409439660784,-0.8811527961628909,-0.6381985868637366,0.41058164629867466,-0.4259522389486019,0.19090909090909086,130.148
2003-04-01,0.4463883465985882,0.48027325759901746,0.2598070739549839,-0.6293840731594317,-0.8811527961628909,-0.6332322713338291,0.4134283104055503,-0.4006814087230445,0.2,130.884
2003-05-01,0.40771887670821444,0.4298434141848327,0.2578778135048231,-0.6127971110322935,-0.9925540276356354,-0.620486859796899,0.4164206177923129,-0.37836041000694326,0.20909090909090905,131.734
2003-06-01,0.37280372428292535,0.3908504758980657,0.2591639871382637,-0.5962101489051558,-1.215356490581125,-0.6114991471786153,0.41951884756444713,-0.33571834978125487,0.2181818181818181,132.649
2003-07-01,0.42386244180807925,0.45264046668713537,0.2630225080385852,-0.5796231867780177,-1.1596558748447525,-0.6035222775442953,0.42272299972195393,-0.30415940135858505,0.20909090909090905,133.77700000000002
2003-08-01,0.5170446012914851,0.5495855081363217,0.26816720257234705,-0.566194047029117,-1.215356490581125,-0.5931501495349311,0.4260065936684896,-0.27206632706589023,0.20909090909090905,134.968
2003-09-01,0.4974470641237421,0.5317009517961313,0.27202572347266873,-0.5527649072802161,-1.048254643372008,-0.5835471411872787,0.42929018761502524,-0.2424769677889376,0.20909090909090905,136.29399999999998
2003-10-01,0.4698903739300195,0.5016886705557262,0.2707395498392283,-0.5393357675313154,-1.048254643372008,-0.5752186739933188,0.43248109947436,-0.19955570540391795,0.2,137.532
2003-11-01,0.4696651148821143,0.49869511820693885,0.2713826366559483,-0.5294573324433844,-0.8811527961628909,-0.5603197274035968,0.4353145232830644,-0.19878789946575703,0.19090909090909086,138.79399999999998
2003-12-01,0.45937828502778183,0.4900214921707093,0.2745980707395498,-0.5195788973554535,-0.936853411899263,-0.5548260155342304,0.4378434202338237,-0.13048655383631125,0.17272727272727267,140.18
2004-01-01,0.4309956449917404,0.46492170709241637,0.2797427652733121,-0.5097004622675225,-1.048254643372008,-0.5507386939034218,0.44020019330835325,-0.16073143122647637,0.17272727272727267,141.64700000000002
2004-02-01,0.41935726084997743,0.45302425544980035,0.2823151125401927,-0.4973294393016974,-1.10395525910838,-0.5433551451509931,0.4426364081719121,-0.16289221315521385,0.16363636363636364,143.192
2004-03-01,0.38969815287580717,0.4238563094872582,0.284887459807074,-0.48495841633587256,-1.1596558748447525,-0.5322798220223506,0.44533742899890116,-0.0920416304188306,0.18181818181818182,145.059
2004-04-01,0.4524703408920258,0.48295977893767267,0.2868167202572348,-0.4725873933700474,-0.936853411899263,-0.5212923982836172,0.4482105737021196,-0.07248837484740434,0.16363636363636364,146.593
2004-05-01,0.5244781498723532,0.5505066011667177,0.2919614147909967,-0.4600122858928728,-1.048254643372008,-0.5027895767075908,0.4511366795980245,-0.05191542443320309,0.16363636363636364,148.185
2004-06-01,0.5278570355909296,0.553193122505373,0.29646302250803835,-0.44743717841569824,-0.9925540276356354,-0.4943512352762439,0.45419518847564433,-0.025494402703444136,0.17272727272727267,149.85
2004-07-01,0.4984231866646643,0.5176542830825914,0.2977491961414792,-0.43486207093852364,-0.6583503332174012,-0.48455045330129426,0.4574655421240088,0.044600513319096945,0.15454545454545454,151.33700000000002
2004-08-01,0.46778795614957186,0.4887166103776481,0.2983922829581992,-0.42036534185400404,-0.769751564690146,-0.4746178222414797,0.4608153375614017,0.0671551921033341,0.1454545454545454,152.63299999999998
2004-09-01,0.4503679231115783,0.4712926005526557,0.3022508038585209,-0.40586861276948416,-0.8811527961628909,-0.46751994650625817,0.46417837329696665,0.062493729964934165,0.1454545454545454,154.178
2004-10-01,0.4460129148520799,0.4664568621430764,0.3086816720257236,-0.3913718836849645,-0.9925540276356354,-0.4567962209372545,0.4674487269453307,0.0735373892889168,0.1454545454545454,155.75
2004-11-01,0.4490163688241477,0.4676082284310716,0.3144694533762057,-0.37568847241457276,-0.769751564690146,-0.45411528954500374,0.47053371641929376,0.09561560351864302,0.1454545454545454,157.52700000000002
2004-12-01,0.4554737948640936,0.47098556954252374,0.3144694533762057,-0.36000506114418096,-0.8811527961628909,-0.3773571473062147,0.4734995432097131,0.13957780438899545,0.13636363636363635,159.329
2005-01-01,0.45464784502177497,0.4645379183297513,0.3138263665594855,-0.3443216498737892,-0.7140509489537733,-0.43752427969951685,0.4762402849312166,0.1656832062864669,0.13636363636363635,161.287
2005-02-01,0.4512689593031986,0.4518728891618054,0.3189710610932478,-0.33417164650363035,-0.769751564690146,-0.4296792591500617,0.4787162206892899,0.22870398933725655,0.1454545454545454,163.343
2005-03-01,0.4984231866646643,0.4980042984341418,0.32347266881028947,-0.32402164313347154,-0.8811527961628909,-0.4153516585947538,0.4812848385345636,0.243565434709486,0.1272727272727272,165.812
2005-04-01,0.4899384291935725,0.48679766656432305,0.3273311897106109,-0.3138716397633127,-0.769751564690146,-0.4012438065142204,0.484065301150582,0.2716889826499496,0.11818181818181817,167.50099999999998
2005-05-01,0.4707914101216399,0.4660730733804113,0.3266881028938905,-0.2995004056680062,-0.8254521804265181,-0.3898168858259383,0.4870178876428297,0.30910510680641623,0.11818181818181817,169.35
2005-06-01,0.4539720678780597,0.4448879336813018,0.3273311897106109,-0.28512917157269996,-0.769751564690146,-0.3823674125310773,0.4902220398003365,0.3472070971368922,0.11818181818181817,171.19
2005-07-01,0.4704159783751313,0.46223518575376116,0.33504823151125407,-0.2707579374773934,-0.8254521804265181,-0.3691165795021651,0.4935718352377294,0.387281711419165,0.10909090909090907,172.86
2005-08-01,0.48881213395404716,0.4814246238870126,0.342765273311897,-0.25889686447814775,-0.6583503332174012,-0.3556459979984787,0.49702755306049484,0.41781793019298014,0.09999999999999998,174.44299999999998
2005-09-01,0.4825048806127045,0.474362910653976,0.3601286173633441,-0.24703579147890245,-0.5469491017446564,-0.34068112686632424,0.5005759529704608,0.4763138173789558,0.11818181818181817,176.437
2005-10-01,0.5226009911398106,0.5190359226281855,0.36205787781350496,-0.23517471847965682,-0.6583503332174012,-0.32318914827426115,0.5038992678115113,0.5139241691245223,0.10909090909090907,178.02700000000002
2005-11-01,0.5582670070581166,0.5597175314706786,0.35562700964630223,-0.21721240705116104,-0.37984725453553936,-0.31261924663760016,0.5069710169873027,0.5480930507757233,0.10909090909090907,179.68
2005-12-01,0.5512839765730588,0.55081363217685,0.35562700964630223,-0.19925009562266524,-0.4355478702719115,-0.3043347291385954,0.5099103631813788,0.5862921549007494,0.09999999999999998,180.909
2006-01-01,0.5353656705210992,0.5313171630334663,0.36270096463022494,-0.18128778419416944,-0.21274540732642233,-0.2635713870678958,0.5127570272882545,0.6195688035645223,0.09090909090909088,182.32
2006-02-01,0.5578915753116083,0.5478200798280626,0.3639871382636656,-0.17121003353513511,0.2328595185645565,-0.24950748468231754,0.5155110093079296,0.6499077599431577,0.09090909090909088,183.287
2006-03-01,0.5741102267607747,0.5587964384402824,0.3659163987138262,-0.16113228287610046,0.12145828709181215,-0.23430089022791115,0.5183709137129768,0.6484814010857046,0.08181818181818173,184.364
2006-04-01,0.6021925213996095,0.5869665336198957,0.3717041800643085,-0.1510545322170661,0.34426075003730133,-0.22162140323341342,0.5212837793107101,0.6124491485015755,0.09090909090909088,184.329
2006-05-01,0.6097011563297792,0.6007829290758366,0.3768488745980708,-0.14342657962960903,0.28856013430092914,-0.21687483617828052,0.52434228818833,0.5738615891983495,0.08181818181818173,184.156
2006-06-01,0.6248685988887219,0.6137549892539147,0.38006430868167207,-0.1357986270421516,0.34426075003730133,-0.20771132478017734,0.5276788433275517,0.5482083734067515,0.08181818181818173,183.507
2006-07-01,0.637483105571407,0.6261129874117286,0.3864951768488746,-0.12817067445469452,0.901266907401025,-0.2012726944692796,0.531081599957631,0.5051080574630303,0.09090909090909088,183.066
2006-08-01,0.6086499474395555,0.5894995394534848,0.3916398713826367,-0.11710594914858312,0.5670632129827909,-0.19584490714234556,0.534629999867597,0.4686327231912668,0.08181818181818173,182.594
2006-09-01,0.5905541372578464,0.5708474055879644,0.3864951768488746,-0.10604122384247143,0.5670632129827909,-0.18769223872820565,0.5382578415665922,0.43781730225812043,0.0636363636363636,182.797
2006-10-01,0.586424388046253,0.5639392078599939,0.3794212218649521,-0.09497649853636005,0.901266907401025,-0.18024276543334464,0.5416738384948427,0.3988534270010132,0.0636363636363636,183.198
2006-11-01,0.5723081543775341,0.5459011360147374,0.3807073954983923,-0.08347283474377033,0.5113625972464183,-0.16672823423470315,0.5448515100560063,0.39531787791817735,0.0727272727272727,183.608
2006-12-01,0.5608950292836761,0.5297820079828062,0.3877813504823152,-0.07196917095118095,0.45566198151004617,-0.14292947441660764,0.5478702980391117,0.4367642245484689,0.0636363636363636,184.138
2007-01-01,0.5736597086649646,0.5424470371507522,0.38971061093247583,-0.06046550715859123,0.8455662916646528,-0.12985444016751535,0.550783163636845,0.4443846226145641,0.08181818181818173,184.517
2007-02-01,0.5819192070881511,0.552809333742708,0.39549839228295813,-0.04828635237773217,1.2354706018192594,-0.11071434801464253,0.5535636262528634,0.4477684313934156,0.0727272727272727,184.598
2007-03-01,0.5614957200780897,0.5330058335891925,0.40192926045016086,-0.03610719759687311,1.2354706018192594,-0.09155228101429193,0.556410290359739,0.47080867915040275,0.0636363636363636,184.15
2007-04-01,0.5612704610301846,0.5366902057107767,0.40643086816720275,-0.023928042816014048,0.9569675231373976,-0.08129002724231528,0.5593496365538151,0.48284472006244317,0.0636363636363636,183.01
2007-05-01,0.5741102267607747,0.5492784771261896,0.41221864951768505,-0.013342628668600275,1.1797699860828867,-0.07236823916646401,0.5624346260277782,0.516200273684288,0.0636363636363636,181.6
2007-06-01,0.6299744706412373,0.6099938593797973,0.41414790996784545,-0.0027572145211865033,1.402572449028376,-0.06786339543358351,0.5657447005706571,0.5220574494180847,0.0727272727272727,180.253
2007-07-01,0.6329779246133052,0.6157506908197727,0.4173633440514469,0.007828199626227269,1.458273064764749,-0.06204006085205493,0.5692136586915937,0.4975878079975648,0.09090909090909088,179.11
2007-08-01,0.6140561645892775,0.5968682836966532,0.4173633440514469,0.01768886551214563,1.9595786063920997,-0.0604139221387225,0.5728415003905889,0.5086011192607506,0.08181818181818173,178.116
2007-09-01,0.5860489562997446,0.5677770954866441,0.422508038585209,0.02754953139806431,1.9595786063920997,-0.04670161731278371,0.5764163808968976,0.507092820639146,0.08181818181818173,177.55700000000002
2007-10-01,0.5849226610602192,0.566625729198649,0.4263665594855307,0.03741019728398267,1.5696742962374934,-0.04202097480008371,0.5798058972288058,0.48861388641992903,0.09090909090909088,176.623
2007-11-01,0.5563898483255743,0.5409886398526251,0.4366559485530547,0.03685360316212032,2.070979837864845,-0.029715060212702742,0.5830365299826554,0.4291832789614096,0.09090909090909088,175.146
2007-12-01,0.5417480102117436,0.5236413877801658,0.44115755627009656,0.036297009040257976,2.1823810693375894,-0.012157157078207251,0.5860553179657608,0.37526387934360267,0.10909090909090907,174.34099999999998
2008-01-01,0.471992791710467,0.47190666257291985,0.4463022508038582,0.03574041491839562,2.015279222128473,-0.0022465008658700504,0.5889417029671509,0.3637498250772685,0.10909090909090907,173.13099999999997
2008-02-01,0.4948190418981829,0.49639238563094873,0.4495176848874597,0.046138207197500655,2.2380816850739613,0.00590616754826987,0.5917751267758553,0.3191412105119426,0.09999999999999998,171.54
2008-03-01,0.49181558792611496,0.5044519496469142,0.454662379421222,0.056535999476606,2.6836866109649407,0.016849641592047656,0.5945953102863872,0.3397718222416579,0.1272727272727272,170.051
2008-04-01,0.4985733593632677,0.49639238563094873,0.45852090032154325,0.06693379175571135,2.5722853794921963,0.014190685047274644,0.5974949355859498,0.33311345770282363,0.10909090909090907,168.33599999999998
2008-05-01,0.5188466736747257,0.5145839729812711,0.4662379421221866,0.06910908178737468,2.795087842437685,0.14091963044982106,0.6005534444635692,0.3340087254963314,0.1454545454545454,166.658
2008-06-01,0.5654002102417779,0.5581823764200184,0.4790996784565916,0.07128437181903866,2.795087842437685,0.09294853840651283,0.6037178757265615,0.29926323068998983,0.15454545454545454,165.016
2008-07-01,0.5747109175551883,0.5744550199570158,0.490675241157556,0.07345966185070199,2.6836866109649407,0.06082131139445747,0.60702795026944,0.2897157307632931,0.17272727272727267,163.565
2008-08-01,0.5826700705811683,0.5823610684679152,0.4887459807073954,0.0544629476844631,3.12929153685592,0.041307646834467415,0.6104307068995198,0.23849730855640797,0.20909090909090905,161.987
2008-09-01,0.5248535816188615,0.5148142462388701,0.4887459807073954,0.03546623351822454,2.9064890739104303,0.045482867855186244,0.6138069829332555,0.20664398394400846,0.20909090909090905,160.30700000000002
2008-10-01,0.5626971016669169,0.539760515812097,0.4758842443729906,0.01646951935198597,3.296393384065037,0.04581249056734792,0.6170508559852768,0.19565798593553987,0.24545454545454543,158.326
2008-11-01,0.5473794864093706,0.5224900214921708,0.4508038585209003,0.004886416773928687,3.1849921525922924,0.0327594311657334,0.6199240006884952,0.13215163391200024,0.27272727272727276,156.141
2008-12-01,0.43444961705961854,0.39944734418176225,0.44051446945337636,-0.006696685804128274,3.073590921119547,0.00010480781421861147,0.6226647424099991,0.023220304487698847,0.3181818181818182,153.618
2009-01-01,0.3863192671572308,0.36283389622351864,0.445016077170418,-0.018279788382185556,3.630597078483271,-0.024704794987840603,0.6254187244296738,-0.0497364336679875,0.3636363636363636,151.506
2009-02-01,0.39457876558041743,0.3754989253914645,0.4508038585209003,-0.021524366276130927,2.6836866109649407,-0.050679064706205264,0.6280932646603206,-0.06002746108420766,0.4090909090909091,150.014
2009-03-01,0.37430545126895926,0.35592569849554806,0.4488745980707395,-0.024768944170076614,2.9621896896468027,-0.05993047549421819,0.6307545645927948,-0.08404795120493384,0.4454545454545454,148.659
2009-04-01,0.3536567052109925,0.3263739637703407,0.45016077170418034,-0.02801352206402198,2.795087842437685,-0.050239567756656056,0.6334953063142978,-0.17907076436602765,0.4727272727272727,147.94799999999998
2009-05-01,0.3559092956900434,0.3336659502609763,0.45209003215434074,-0.02359434765469083,2.015279222128473,-0.012838377350008841,0.6363816913156888,-0.2168905177310927,0.49999999999999994,147.69299999999998
2009-06-01,0.4141012163988586,0.42001842186060784,0.4617363344051447,-0.019175173245360003,1.5696742962374934,-0.04287799385170479,0.6393872390006226,-0.23962121526795171,0.509090909090909,148.089
2009-07-01,0.38248986334284424,0.38962235185753763,0.46302250803858536,-0.014755998836028851,1.2354706018192594,-0.052656800979177146,0.6424589881764136,-0.2429352235069704,0.509090909090909,148.408
2009-08-01,0.37055113380387433,0.3850936444580902,0.46816720257234723,-0.0015357778666723243,1.0126681388737697,-0.04984402050206149,0.6457425821229497,-0.2773074371655105,0.5181818181818183,148.27700000000002
2009-09-01,0.35253040997146706,0.3643690512741787,0.47009646302250807,0.011684443102684202,1.1797699860828867,-0.03887857161080593,0.649132098454857,-0.3163684262171677,0.5363636363636364,148.024
2009-10-01,0.33713770836461915,0.3481731654897144,0.4733118971061093,0.02490466407204073,0.9569675231373976,-0.03705465927017622,0.6523759715068782,-0.3644701025802138,0.5545454545454547,147.849
2009-11-01,0.3300045051809581,0.3363524715996315,0.4765273311897106,0.03231030565049571,1.068368754610142,-0.023825801088741733,0.6552623565082683,-0.40361303139602256,0.5454545454545454,148.135
2009-12-01,0.33743805376182606,0.3447958243782621,0.4784565916398712,0.03971594722895101,1.2911712175556316,-0.010948540466946707,0.6579898579316006,-0.45181789116577803,0.5454545454545454,147.929
2010-01-01,0.3438954798017719,0.3601473748848634,0.48102893890675225,0.04712158880740599,1.3468718332920038,0.006521463277639033,0.6607835608457902,-0.5140162417689724,0.5363636363636364,147.39600000000002
2010-02-01,0.3337588226460428,0.3540067546822229,0.48102893890675225,0.06120518394513481,1.458273064764749,0.006499488430161251,0.6634051398837504,-0.5359548549190329,0.5454545454545454,145.632
2010-03-01,0.3281273464484156,0.35055265581823764,0.4816720257234727,0.07528877908286427,0.7898656759282802,0.020409566883397325,0.6659340368345092,-0.5148204653800895,0.5454545454545454,145.858
2010-04-01,0.3413425439255143,0.3705864292293521,0.48102893890675225,0.08937237422059308,0.28856013430092914,0.044779672735907335,0.668502654679783,-0.4911034558673321,0.5545454545454547,146.403
2010-05-01,0.32024327977173744,0.33827141541295674,0.4784565916398712,0.0999172197119417,2.015279222128473,0.067172042315445,0.6710977531214,-0.509970845264749,0.5272727272727273,146.394
2010-06-01,0.30485057816488953,0.3152440896530549,0.4765273311897106,0.11046206520329031,1.458273064764749,0.06871028163886768,0.6738252545447323,-0.5145351936085989,0.509090909090909,145.72
2010-07-01,0.28457726385343135,0.28860914952410194,0.48102893890675225,0.12100691069463893,1.792476759182983,0.07706072368030488,0.6767646007388088,-0.5820565940755651,0.509090909090909,144.99
2010-08-01,0.26467938128848173,0.26765428308259137,0.48488745980707393,0.13197331743814406,1.736776143446611,0.09116857576083777,0.6798495902127715,-0.5749672870734152,0.5181818181818183,143.914
2010-09-01,0.2500375431746508,0.2551427694197114,0.48617363344051434,0.14293972418164985,1.068368754610142,0.09567341949371828,0.6830140214757638,-0.557674962031356,0.509090909090909,143.018
2010-10-01,0.22751163838414173,0.23656739330672388,0.4893890675241158,0.15390613092515498,1.402572449028376,0.10670479292740627,0.6860195691606976,-0.5769641894738495,0.49999999999999994,142.528
2010-11-01,0.2308905241027181,0.2480810561866748,0.490675241157556,0.15664820623865844,1.402572449028376,0.11591225402046457,0.6887735511803723,-0.5685304633783981,0.5454545454545454,142.16899999999998
2010-12-01,0.28728037242829246,0.3116364752840037,0.4983922829581996,0.15939028155216253,0.734165060191908,0.13955718990621788,0.6914216108146758,-0.6133120618902661,0.49999999999999994,142.056
2011-01-01,0.29171046703709264,0.3179306109917101,0.5035369774919615,0.16213235686566596,0.901266907401025,0.18517697326943744,0.6938578256782342,-0.7026294396215476,0.48181818181818176,141.518
2011-02-01,0.31085748610902525,0.3482499232422474,0.5112540192926046,0.17559585911551714,1.3468718332920038,0.20163613403005945,0.69609543606922,-0.7074487116760912,0.4727272727272727,140.346
2011-03-01,0.2905841717975672,0.33036536690205714,0.5189710610932475,0.18905936136536897,0.8455662916646528,0.20660244955996696,0.6984522091437495,-0.6747304673309807,0.4727272727272727,139.977
2011-04-01,0.28682985433248226,0.3309794289223211,0.5247588424437301,0.20252286361522018,0.5670632129827909,0.21420574678717014,0.700954625498166,-0.6738807216286683,0.48181818181818176,140.00799999999998
2011-05-01,0.2519147019071932,0.2998925391464538,0.5273311897106111,0.20841159022775485,0.5113625972464183,0.21998513167374362,0.7035364836416114,-0.6562363590813655,0.48181818181818176,139.904
2011-06-01,0.23261751013665705,0.28031931225053724,0.5241157556270098,0.21430031684028886,0.5113625972464183,0.23242289534598942,0.7063434268539726,-0.5967905775924477,0.48181818181818176,139.861
2011-07-01,0.23051509235620965,0.28569235492784767,0.5311897106109326,0.22018904345282353,0.5670632129827909,0.25002474817543957,0.709322493942564,-0.6042501309363194,0.4727272727272727,139.73
2011-08-01,0.1974770986634629,0.24347559103469446,0.5369774919614149,0.23290049035867522,0.45566198151004617,0.25540858580741893,0.7124074834165266,-0.5448529063446765,0.4727272727272727,139.308
2011-09-01,0.17615257546178104,0.21829904820386853,0.5414790996784565,0.24561193726452626,0.34426075003730133,0.25567228397714864,0.7155454340831757,-0.5396724923666502,0.4727272727272727,138.668
2011-10-01,0.1805826700705811,0.21238870125882708,0.5401929260450163,0.258323384170378,0.17715890282818433,0.2567490515035443,0.7184318190845658,-0.5557023380795593,0.4545454545454544,137.951
2011-11-01,0.17420033037993693,0.20087503837887627,0.5395498392282957,0.2731231696083389,0.01005705561906732,0.2596717062180475,0.7210798787188684,-0.5445585301549469,0.43636363636363634,137.151
2011-12-01,0.16534014116233664,0.19557875345409886,0.5395498392282957,0.2879229550462998,-0.21274540732642233,0.28806320915893324,0.723648496564143,-0.5162832419104989,0.4272727272727273,136.673
2012-01-01,0.15843219702658057,0.18897758673626036,0.544694533762058,0.3027227404842607,-0.21274540732642233,0.3062364080227979,0.7260582308313581,-0.4882325293159478,0.4090909090909091,136.607
2012-02-01,0.15280072082895324,0.1851396991096101,0.5504823151125403,0.31175824905172317,-0.4912484860082842,0.32810138126287663,0.7283752830113737,-0.5071757888653569,0.4090909090909091,136.532
2012-03-01,0.1581318516293737,0.19496469143383482,0.554983922829582,0.3207937576191863,-0.4355478702719115,0.34291242846268843,0.7307850172785888,-0.4922445429532946,0.39999999999999997,137.903
2012-04-01,0.14979726685688538,0.18821000921093028,0.5556270096463022,0.3298292661866489,-0.4355478702719115,0.358206922307005,0.7332079918439764,-0.45445513764902645,0.39090909090909093,139.154
2012-05-01,0.13350352905841711,0.17101627264353697,0.5511254019292603,0.3371738261331859,-0.5469491017446564,0.3542953994560159,0.7357501290929069,-0.42657133938885816,0.39090909090909093,140.155
2012-06-01,0.12126445412224057,0.15213386552041747,0.5517684887459807,0.34451838607972296,-0.4912484860082842,0.3513947195889905,0.7385041111125825,-0.40508187753859126,0.39999999999999997,141.03
2012-07-01,0.10512088902237571,0.132944427387166,0.5524115755627009,0.35186294602626,-0.602649717481029,0.33289189801296415,0.7414169767103158,-0.4022746819148804,0.39999999999999997,141.67
2012-08-01,0.10737347950142656,0.14092723365059862,0.5614147909967847,0.3584530988226488,-0.602649717481029,0.336319974219449,0.7445284467806217,-0.39076669726070556,0.3818181818181818,142.28
2012-09-01,0.09873854933173148,0.12488486337120047,0.5697749196141478,0.365043251619037,-0.6583503332174012,0.36831535214663946,0.7476134362545843,-0.37904627618095266,0.3636363636363636,142.907
2012-10-01,0.08221955248535812,0.10723058028860916,0.5723472668810289,0.3716334044154258,-0.4355478702719115,0.398003371088696,0.7505395421504892,-0.35240674841345615,0.3636363636363636,143.599
2012-11-01,0.0776392851779546,0.10254835738409579,0.5672025723472668,0.386513151262443,-0.602649717481029,0.43788771926029674,0.7532802838719932,-0.3624640957615404,0.35454545454545444,144.583
2012-12-01,0.07696350803423935,0.10147374884863375,0.5672025723472668,0.4013928981094602,-0.6583503332174012,0.51495350936377,0.7557297390337232,-0.36320155363890444,0.37272727272727274,145.5
2013-01-01,0.08274515693047002,0.11206631869818856,0.5684887459807074,0.41627264495647737,-0.936853411899263,0.36090982854673315,0.7578614270393369,-0.3907788364850243,0.3818181818181818,146.82399999999998
2013-02-01,0.09348250488061266,0.1302579060485109,0.5787781350482316,0.4215314141608995,-0.8811527961628909,0.365656395601866,0.7598871926595785,-0.3578178076535389,0.3454545454545454,147.781
2013-03-01,0.0919807778945787,0.13524715996315623,0.5755627009646304,0.4267901833653216,-0.8254521804265181,0.37229279954006056,0.7620850821560503,-0.3853526032145432,0.33636363636363636,149.96
2013-04-01,0.07733893978074785,0.11682529935523484,0.5704180064308683,0.4320489525697437,-0.7140509489537733,0.3816760594129388,0.7644418552305798,-0.33916892429385953,0.33636363636363636,151.516
2013-05-01,0.08664964709415823,0.13079521031624192,0.5723472668810289,0.4467576055194421,-0.602649717481029,0.39872854105545225,0.7670104730758536,-0.3117828342307599,0.3272727272727272,152.84799999999998
2013-06-01,0.15355158432197025,0.21277249002149218,0.5794212218649518,0.46146625846914047,-0.8811527961628909,0.4056286431633765,0.7697247342010143,-0.2797868737326151,0.33636363636363636,154.2
2013-07-01,0.1929719177053611,0.25882714154129566,0.5819935691318329,0.4761749114188389,-0.10134417585367751,0.40301363631355813,0.7726640803950908,-0.22376131869550508,0.3181818181818182,155.605
2013-08-01,0.20168193422435793,0.27202947497697266,0.5832797427652733,0.49173478753847455,-0.10134417585367751,0.41296824222085043,0.7758549922544256,-0.18945283596463844,0.3181818181818182,156.963
2013-09-01,0.206862892326175,0.27724900214921705,0.5858520900321548,0.5072946636581102,-0.1570447915900497,0.4271200439963384,0.7790061832192463,-0.1619574928826701,0.3181818181818182,158.224
2013-10-01,0.16954497672323166,0.23150138163954564,0.5852090032154343,0.5228545397777459,-0.4355478702719115,0.42065943883796336,0.7820382115005233,-0.1222227768813223,0.309090909090909,159.24
2013-11-01,0.17307403514041142,0.24117285845870434,0.5858520900321548,0.5232281503156486,-0.37984725453553936,0.43325102644255137,0.7848451547128845,-0.08304950000471667,0.29090909090909095,160.07299999999998
2013-12-01,0.20085598438203928,0.2722597482345716,0.590353697749196,0.5236017608535507,-0.2684460230627945,0.4457547146572296,0.7874932143471871,-0.037257311068312704,0.27272727272727276,160.993
2014-01-01,0.20048055263553083,0.26834510285538843,0.5922829581993573,0.5239753713914533,-0.32414663879916716,0.46832288301658725,0.789982390403432,-0.014872581424538053,0.2636363636363636,161.924
2014-02-01,0.18095810181708966,0.2484648449493399,0.5942122186495177,0.5449306174559828,-0.21274540732642233,0.48748495001693737,0.7923391634779615,-0.011986480842755286,0.2636363636363636,162.523
2014-03-01,0.18245982880312356,0.2546054651519804,0.5967845659163987,0.5658858635205115,-0.045643560117305346,0.5091521496297188,0.7947886186396915,-0.0010035176403663975,0.2636363636363636,163.083
2014-04-01,0.18734044150773382,0.2538378876266503,0.6012861736334408,0.5868411095850409,0.01005705561906732,0.524424668626558,0.7973439961867945,0.04677646927823285,0.23636363636363628,163.39
2014-05-01,0.17194773990088597,0.23150138163954564,0.6064308681672025,0.6055066110520022,-0.2684460230627945,0.5387083194869109,0.8000582573119543,0.047523031573835965,0.23636363636363628,163.657
2014-06-01,0.16819342243580115,0.2269726742400982,0.6102893890675242,0.6241721125189629,0.01005705561906732,0.5542225618060016,0.8028784408224872,0.045328866778221934,0.20909090909090905,164.06400000000002
2014-07-01,0.16383841417630274,0.22198342032545287,0.6115755627009646,0.6428376139859242,0.28856013430092914,0.5676272187672561,0.805950189998279,0.07115810132244184,0.2181818181818181,164.585
2014-08-01,0.16556540021024174,0.21968068774946276,0.6083601286173635,0.649883298567729,-0.1570447915900497,0.5836908322732836,0.8092470242429859,0.07164670510127152,0.22727272727272724,165.213
2014-09-01,0.17457576212644538,0.2269726742400982,0.6096463022508037,0.6569289831495337,-0.1570447915900497,0.5962164953354391,0.8125173778913504,0.09226517760666807,0.2,165.903
2014-10-01,0.15993392401261447,0.20755296284924768,0.6096463022508037,0.6639746677313386,-0.21274540732642233,0.6119285112818276,0.8156553285579995,0.1666543442319669,0.18181818181818182,166.64
2014-11-01,0.1565550382940381,0.20164261590420635,0.6057877813504825,0.6738685855430817,0.01005705561906732,0.6275965775332609,0.8184755120685314,0.16207482185771854,0.2,167.332
2014-12-01,0.14761976272713617,0.18114829597789367,0.6,0.6837625033548249,-0.32414663879916716,0.6444952352434321,0.8211103314046633,0.19708434479299297,0.17272727272727267,168.049
2015-01-01,0.12614506682685084,0.1513662879950875,0.5909967845659164,0.6936564211665681,-0.4912484860082842,0.6576581688824342,0.8235200656718793,0.211687831648449,0.18181818181818182,168.62900000000002
2015-02-01,0.1295239525454272,0.1575069081977279,0.5942122186495177,0.7077839166857396,-0.6583503332174012,0.6757874180513437,0.8257311954665219,0.24705546170112658,0.17272727272727267,169.125
2015-03-01,0.13440456525003752,0.1667178385016887,0.5974276527331189,0.7219114122049117,-0.32414663879916716,0.675985191678641,0.8281144491373946,0.28909663032303684,0.16363636363636364,169.796
2015-04-01,0.11968764078690491,0.15167331900521958,0.5993569131832798,0.7360389077240832,-0.4355478702719115,0.6890162762327782,0.8306830669826684,0.3767145166496933,0.16363636363636364,170.294
2015-05-01,0.13778345096861389,0.17746392385630944,0.6057877813504825,0.743998595634406,-0.37984725453553936,0.7042228706871846,0.8333576072133142,0.43684616431262047,0.17272727272727267,170.877
2015-06-01,0.15730590178705506,0.19933988332821612,0.6109324758842446,0.7519582835447293,-0.1570447915900497,0.712199740321505,0.8361910310220186,0.5059183506863069,0.1454545454545454,171.47400000000002
2015-07-01,0.16053461480702802,0.20908811789990794,0.6128617363344052,0.759917971455052,-0.2684460230627945,0.7209017799225816,0.8392627801978096,0.49489593500488205,0.1454545454545454,172.14700000000002
2015-08-01,0.14754467637783447,0.1874424316856002,0.6115755627009646,0.7621071763397621,-0.37984725453553936,0.727911756267893,0.8424536920571453,0.5246855914830941,0.1272727272727272,172.933
2015-09-01,0.1426640636732242,0.1851396991096101,0.6096463022508037,0.7642963812244721,0.12145828709181215,0.7323067257633864,0.8456710845128232,0.5233502768080316,0.1272727272727272,173.826
2015-10-01,0.12989938429193565,0.1707092416334049,0.6122186495176848,0.7664855861091822,-0.045643560117305346,0.7405472935674361,0.8487295933904435,0.48570654219558845,0.1272727272727272,174.78900000000002
2015-11-01,0.15280072082895324,0.19319926312557562,0.6128617363344052,0.7724171025280337,-0.10134417585367751,0.7421734322807685,0.8515365366028047,0.46742790517763094,0.13636363636363635,175.735
2015-12-01,0.15933323321820086,0.19649984648449487,0.6109324758842446,0.7783486189468848,-0.32414663879916716,0.7538201014438257,0.8542507977279645,0.5003373423057617,0.1272727272727272,176.54
2016-01-01,0.15167442558942779,0.18245317777095488,0.6128617363344052,0.7842801353657364,-0.045643560117305346,0.7597752851102186,0.8567796946787243,0.5144006336790333,0.10909090909090907,177.265
2016-02-01,0.12239074936176597,0.14983113294442735,0.6102893890675242,0.7964160430446388,-0.10134417585367751,0.7598631845001289,0.8591364677532538,0.5504025382023655,0.10909090909090907,177.643
2016-03-01,0.12329178555338638,0.15505066011667173,0.6115755627009646,0.8085519507235411,-0.10134417585367751,0.7677082050495839,0.8615726826168122,0.5987318250213882,0.1272727272727272,178.15900000000002
2016-04-01,0.10887520648746057,0.14138778016579673,0.6180064308681673,0.8206878584024435,-0.37984725453553936,0.7737073384109325,0.8640883392694003,0.5900097923483665,0.1272727272727272,178.76
2016-05-01,0.1047454572758672,0.14062020264046665,0.6212218649517686,0.8325081014338291,-0.32414663879916716,0.7777287354993087,0.8667231586055322,0.6045252698275115,0.10909090909090907,179.423
2016-06-01,0.1046703709265655,0.13570770647835434,0.62443729903537,0.8443283444652154,-0.21274540732642233,0.7874416180843486,0.869583063010579,0.6862192146866181,0.11818181818181817,180.08700000000002
2016-07-01,0.0904790509085448,0.11605772182990476,0.6237942122186496,0.856148587496601,-0.6583503332174012,0.8028459861660523,0.8725091689064839,0.6768962904098182,0.10909090909090907,180.85
2016-08-01,0.0901036191620363,0.1152901443045748,0.6270096463022511,0.8690012080993239,-0.37984725453553936,0.8115919754620836,0.8755147165914177,0.6972841176531586,0.11818181818181817,181.843
2016-09-01,0.0917555188466736,0.11912803193122506,0.6315112540192928,0.8818538287020468,-0.2684460230627945,0.8264909220518056,0.8785732254690379,0.7312375280727018,0.11818181818181817,182.818
2016-10-01,0.09273164138759571,0.12066318698188522,0.6372990353697751,0.8947064493047695,-0.2684460230627945,0.8397417550807179,0.8813934089795699,0.7575250183349544,0.11818181818181817,183.746
2016-11-01,0.13252740651749506,0.1667178385016887,0.6398713826366561,0.9071648157378396,-0.2684460230627945,0.8503336315648562,0.8839620268248445,0.8296957417160018,0.09999999999999998,184.754
2016-12-01,0.1926715723081543,0.23242247466994165,0.6443729903536978,0.9196231821709103,-0.1570447915900497,0.8667927923254782,0.8863452804957164,0.8465753331312234,0.09999999999999998,185.717
2017-01-01,0.18658957801471693,0.22505373042677318,0.6520900321543409,0.9320815486039804,-0.1570447915900497,0.8911409233305109,0.8884504879049877,0.7984433087073803,0.09999999999999998,186.793
2017-02-01,0.18546328277519136,0.2277402517654284,0.6540192926045015,0.9424398828021461,-0.21274540732642233,0.9065672662596919,0.8904232923325437,0.8631696527749544,0.09090909090909088,187.308
2017-03-01,0.19056915452770679,0.23211544365980957,0.6495176848874599,0.9527982170003123,-0.37984725453553936,0.9179062875580637,0.8925020191454709,0.8534977257989904,0.08181818181818173,187.988
2017-04-01,0.17344946688691987,0.2089346023948418,0.6090032154340835,0.9631565511984779,-0.1570447915900497,0.9312889696718414,0.8946734280455995,0.8424358576385297,0.0727272727272727,188.72
2017-05-01,0.1666916954497672,0.20356155971753137,0.6495176848874599,0.9797467143950959,-0.32414663879916716,0.9526485214199379,0.8970169608219574,0.8844588174239618,0.0727272727272727,189.611
2017-06-01,0.1545277068628923,0.18728891618053417,0.6495176848874599,0.9963368775917145,-0.21274540732642233,0.9594167744429978,0.8995988189654027,0.867542808335784,0.0636363636363636,190.516
2017-07-01,0.16368824147769928,0.1970371507522259,0.6508038585209003,1.0129270407883326,0.06575767135543949,0.9730192050315496,0.9021939174070197,0.8630998522351215,0.0727272727272727,191.471
2017-08-01,0.1524252890824448,0.18360454405894994,0.657234726688103,1.0354320617769157,0.2328595185645565,0.9879181516212711,0.9048552173394948,0.8603260394782872,0.0727272727272727,192.656
2017-09-01,0.1441657906592581,0.17209088117899912,0.6662379421221863,1.0579370827654981,-0.21274540732642233,1.0116949365918897,0.9075297575701406,0.8791357675601901,0.0636363636363636,193.754
2017-10-01,0.15843219702658057,0.18590727663494006,0.667524115755627,1.0804421037540812,-0.10134417585367751,1.0312305759993567,0.9099924530300423,0.8854906514910555,0.05454545454545451,194.801
2017-11-01,0.17164739450367916,0.1900521952717224,0.6739549839228297,1.0994829142856082,-0.4912484860082842,1.0458877992668263,0.9122565440173713,0.9632727313134449,0.05454545454545451,195.946
2017-12-01,0.18621414626820837,0.19435062941357079,0.6765273311897108,1.1185237248171347,-0.045643560117305346,1.0592265316856484,0.9142293484449273,0.9777487563135542,0.05454545454545451,197.16
2018-01-01,0.20085598438203928,0.20701565858151666,0.6842443729903535,1.1375645353486619,0.17715890282818433,1.0775755293293325,0.9158314245236805,1.0469514393486672,0.045454545454545414,198.292
2018-02-01,0.246283225709566,0.25268652133865516,0.6868167202572345,1.1540506311231997,0.01005705561906732,1.0912878341552708,0.9173672991115764,1.1035080854497226,0.045454545454545414,199.216
2018-03-01,0.2650548130349902,0.27018728891618055,0.6861736334405145,1.170536726897737,-0.2684460230627945,1.1053737113883269,0.919141499066559,1.0727442562199307,0.045454545454545414,199.961
2018-04-01,0.2673074035140411,0.27379490328523187,0.6893890675241156,1.187022822672275,-0.045643560117305346,1.1186684941121936,0.9210613423014284,1.1034959462254037,0.045454545454545414,200.662
2018-05-01,0.28848175401711956,0.2919864906355542,0.692604501607717,1.2012524257750696,-0.10134417585367751,1.1353034536526365,0.9231400691143565,1.1255377427821738,0.027272727272727226,201.426
2018-06-01,0.28457726385343135,0.28953024255449805,0.6951768488745983,1.215482028877865,0.06575767135543949,1.1537623255337073,0.9254041601016856,1.067421206356159,0.03636363636363632,202.241
2018-07-01,0.2796966511488211,0.28300583358919246,0.6977491961414793,1.2297116319806596,0.17715890282818433,1.1755613742313522,0.9276682510890146,1.0474430779335764,0.027272727272727226,202.931
2018-08-01,0.28127346448415674,0.28645993245317775,0.7009646302250804,1.2374946077900866,0.45566198151004617,1.1923501577041373,0.9300117838653725,1.0590299675458232,0.027272727272727226,203.679
2018-09-01,0.2905841717975672,0.29835738409579365,0.702250803858521,1.245277583599513,0.5113625972464183,1.1988327377099897,0.9323420763435597,1.0155169179752646,0.018181818181818132,204.343
2018-10-01,0.3157380988136355,0.32944427387166103,0.7073954983922831,1.25306055940894,0.8455662916646528,1.2112045768398032,0.9345002449455158,0.9694940837768042,0.027272727272727226,205.106
2018-11-01,0.3209190569154527,0.3349708320540374,0.7080385852090031,1.2652289350782842,0.39996136577367397,1.2212910318319603,0.9364598090749001,0.9383812518478485,0.018181818181818132,205.665
2018-12-01,0.2920858987836011,0.2998925391464538,0.7067524115755627,1.2773973107476277,1.068368754610142,1.268910526315629,0.9382075284335403,0.9057145992060928,0.03636363636363632,206.143
2019-01-01,0.2644541222405766,0.27325759901750085,0.7067524115755627,1.289565686416972,0.734165060191908,1.2780300880187772,0.9396242403378925,0.9242845776077003,0.03636363636363632,206.479
2019-02-01,0.2485358161886168,0.25882714154129566,0.7093247588424437,1.3078994525610674,0.39996136577367397,1.2994555643093066,0.9408953089623577,0.9728141616279823,0.018181818181818132,206.851
2019-03-01,0.2361465685538368,0.24270801350936438,0.7157556270096465,1.3262332187051635,0.01005705561906732,1.3166179201892076,0.9424179432520821,1.004655347016063,0.027272727272727226,207.075
2019-04-01,0.219252139960955,0.223902364138778,0.7215434083601285,1.3445669848492587,0.06575767135543949,1.3237817204668616,0.9440862208216934,1.099113686246335,0.009090909090909038,207.526
2019-05-01,0.20858987836011406,0.21307952103162414,0.7228295819935692,1.3647864422289828,0.5670632129827909,1.3270559727410043,0.9459001416711907,1.1317803388880907,0.009090909090909038,208.154
2019-06-01,0.16406367322420778,0.17170709241633403,0.7234726688102896,1.385005899608707,-0.2684460230627945,1.334417546645955,0.9479259072914323,1.1891017561212274,0.009090909090909038,208.657
2019-07-01,0.15880762877308902,0.16595026097635862,0.7292604501607717,1.405225356988431,0.12145828709181215,1.3383949940393765,0.9500443549988744,1.272376834947851,0.018181818181818132,209.284
2019-08-01,0.14071181859138004,0.14307645072152292,0.7299035369774921,1.4188206257105591,-0.1570447915900497,1.3592710991429693,0.9523746474770616,1.318936829822416,0.009090909090909038,210.085
2019-09-01,0.14566751764529207,0.14138778016579673,0.7305466237942121,1.4324158944326872,-0.1570447915900497,1.3704343216615218,0.9546916996570762,1.3554394773488967,0.0,210.894
2019-10-01,0.14972218050758368,0.15412956708627573,0.7363344051446946,1.4460111631548154,-0.21274540732642233,1.3869374321170989,0.9568366279608616,1.3676727806561166,0.009090909090909038,211.788
2019-11-01,0.1520498573359363,0.15520417562173777,0.7401929260450161,1.4332149205717126,-0.1570447915900497,1.4047810082688013,0.9587829517920743,1.4310577404364688,0.0,212.801
2019-12-01,0.1550533113080042,0.15904206324838804,0.7440514469453378,1.4204186779886105,-0.045643560117305346,1.3944748048018696,0.9605306711507144,1.4413123501797327,0.0,213.941
2020-01-01,0.13921009160534614,0.144304574762051,0.7459807073954986,1.407622435405508,0.01005705561906732,1.4467090172558064,0.9618282203715229,1.5253825481992345,0.0,214.868
2020-02-01,0.12389247634779998,0.11989560945655503,0.7479099678456592,1.2904652522688556,-0.045643560117305346,1.4695848334798483,0.9629139248215872,1.5486686152486764,0.0,215.878
2020-03-01,0.11112779696651143,0.11759287688056491,0.7408360128617365,1.1733080691322024,0.45566198151004617,1.3930684145633117,0.9644630397076539,1.562461808880856,0.08181818181818173,216.429
2020-04-01,0.09896380837963653,0.09548664415105929,0.7273311897106111,1.05615088599555,0.6784644444555358,1.8706917244860355,0.9652177367034303,1.4232734628420705,0.9999999999999998,216.822
2020-05-01,0.08221955248535812,0.08420325452870736,0.7266881028938906,1.1694620168157235,-0.1570447915900497,1.678697482075415,0.9652442172997735,1.3978266138638913,0.8545454545454545,216.995
2020-06-01,0.06870400961105266,0.07345716917408657,0.7356913183279742,1.2827731476358972,-1.048254643372008,1.6883004904230674,0.9658135501211489,1.4193798066418315,0.6727272727272726,217.601
2020-07-01,0.056314761976272665,0.05096714768191585,0.7453376205787782,1.3960842784560707,-1.2710571063174974,1.7477644276970907,0.9667006500986406,1.4551389266787889,0.6090909090909091,219.343
2020-08-01,0.049556990539119994,0.03853239177156892,0.7517684887459807,1.4207038998120907,-1.3267577220538698,1.6165086637141863,0.9676804321633328,1.5117957213804738,0.4454545454545454,222.381
2020-09-01,0.036041447664814485,0.0316241940435984,0.7549839228295822,1.4453235211681106,-1.2710571063174974,1.6496247588627273,0.9687528963152254,1.5741367078694135,0.39090909090909093,225.817
2020-10-01,0.030184712419282167,0.02302732575990174,0.7556270096463026,1.4699431425241305,-1.3267577220538698,1.6526133381196633,0.9697459186780883,1.649151044547128,0.309090909090909,229.748
2020-11-01,0.024027631776543046,0.012434755910346929,0.7588424437299036,1.5075513319438587,-0.936853411899263,1.6200685890055355,0.9702490500086065,1.6979385870841834,0.29090909090909095,233.282
2020-12-01,0.010962606998047741,0.0,0.7652733118971063,1.545159521363586,-0.8811527961628909,1.6562831376484,0.9700239649396907,1.7640488027240948,0.29090909090909095,236.549
2021-01-01,0.008259498423186684,0.00782929075836658,0.767845659163987,1.5827677107833142,-0.936853411899263,2.092637684008442,0.9692957485402576,1.8666282830236105,0.25454545454545446,239.322
2021-02-01,0.0138909746208139,0.01934295363831745,0.7742765273311897,1.627986214244384,-0.4355478702719115,1.7614987073705073,0.9689779813841404,1.8013283606069754,0.24545454545454543,242.408
2021-03-01,0.037167742904339995,0.06117592876880562,0.7845659163987139,1.6732047177054539,-0.7140509489537733,2.6883538242750684,0.9695075933110018,1.886305965644304,0.23636363636363628,245.51
2021-04-01,0.032887820994143224,0.05772182990482039,0.7974276527331193,1.7184232211665236,-0.5469491017446564,1.9922785555788554,0.970381452990321,1.8941752178089335,0.24545454545454543,249.067
2021-05-01,0.020273314311458124,0.04275406816088423,0.8090032154340835,1.753478916979514,-0.045643560117305346,1.9033902975325054,0.9713347544586708,1.9325442710744218,0.2181818181818181,253.417
2021-06-01,0.01877158732542422,0.044673011974209365,0.8244372990353698,1.7885346127925044,0.06575767135543949,1.9109935947597085,0.9724999006977639,1.9674384713786683,0.22727272727272724,258.30400000000003
2021-07-01,0.005256044451118769,0.028246852932146127,0.8327974276527333,1.8235903086054948,0.01005705561906732,1.9598217058546379,0.9741681782673743,2.023785715860225,0.18181818181818182,262.723
2021-08-01,0.0,0.02433220755296278,0.8372990353697748,1.877527022787797,0.45566198151004617,1.9709849283731902,0.9759026573278429,2.0493084349903965,0.15454545454545454,266.814
2021-09-01,0.005856735245532374,0.033159349094258495,0.8372990353697748,1.9314637369700984,0.17715890282818433,1.9366821914608656,0.9772796483376802,2.0510564832922964,0.11818181818181817,270.326
2021-10-01,0.024403063523051494,0.05887319619281545,0.8610932475884246,1.9854004511524004,0.6227638287191631,1.96968841237202,0.9785771975584887,2.1054128949855784,0.09090909090909088,273.718
2021-11-01,0.03191169845322117,0.05887319619281545,0.8752411575562699,2.0098666171572166,0.17715890282818433,1.9908501904928202,0.9798747467792972,2.230880882738097,0.0636363636363636,277.38
2021-12-01,0.030485057816488914,0.06355541909732881,0.8836012861736334,2.0343327831620326,-0.045643560117305346,2.002980306300381,0.9810001721238764,2.3153698839965955,0.03636363636363632,281.494
2022-01-01,0.07733893978074785,0.11682529935523484,0.8945337620578778,2.058798949166849,0.06575767135543949,1.9902129199159733,0.9815562646470801,2.4429349227501778,0.045454545454545414,285.536
2022-02-01,0.12802222555939324,0.16556647221369364,0.9093247588424437,2.092453099171103,0.28856013430092914,2.019087869501363,0.982072636275769,2.525688014931095,0.03636363636363632,291.214
2022-03-01,0.18696500976122538,0.22843107153822534,0.9318327974276527,2.126107249175356,0.734165060191908,2.0376126659248674,0.9833304646020626,2.6043168056497175,0.018181818181818132,296.493
2022-04-01,0.31085748610902525,0.35285538839422775,0.9382636655948552,2.1597613991796103,1.5696742962374934,2.053170857938914,0.9849722615753307,2.704817443784647,0.018181818181818132,300.532
2022-05-01,0.3438954798017719,0.3908504758980657,0.9562700964630227,2.189182886067716,1.458273064764749,2.0698277923268327,0.986640539144942,2.6991818088946675,0.018181818181818132,303.737
2022-06-01,0.3764829553987084,0.4356770033773411,0.9807073954983924,2.2186043729558214,2.126680453601217,2.0881987648179945,0.9884147390999245,2.675777384408118,0.018181818181818132,304.603
2022-07-01,0.37055113380387433,0.4188670555726128,0.9807073954983924,2.248025859843927,2.460884148019451,2.1255120558347316,0.9903743032293089,2.6638748749635837,0.0,303.723
2022-08-01,0.3630424988737047,0.38969910961007065,0.9826366559485534,2.275056343814173,1.6810755277102378,2.150519432264088,0.9925324718312658,2.597178941750293,0.018181818181818132,301.41700000000003
2022-09-01,0.4813034990238773,0.526251151366288,0.9903536977491961,2.3020868277844193,2.2380816850739613,2.171878984012185,0.9946906404332228,2.565753524795129,0.0,299.271
2022-10-01,0.6006907944135755,0.6472213693583051,0.9987138263665599,2.329117311754665,2.2380816850739613,2.198402624917486,0.9966237239662639,2.546169921162906,0.009090909090909038,298.876
2022-11-01,0.5995644991740501,0.632637396377034,1.0,2.329117311754665,2.070979837864845,2.20400621102424,0.998411164219418,2.58176516167156,0.009090909090909038,298.538
2022-12-01,0.5290584171797565,0.564937058642923,0.9987138263665599,2.329117311754665,1.5696742962374934,2.21380699299919,1.0000000000000004,2.5777895657071697,0.0,297.666
